source,destination,contact_start(s),contact_end(s),data_rate(bps),delay(s),link_type # Simulation starting time: 2026-01-01T00:00:00 UTC
mgs1,mre1,0.000,3015.578,300000000,1202.973,trunk
mre1,mgs1,0.000,3015.578,300000000,1202.973,high_dl
mgs1,mre2,0.000,2984.962,300000000,1202.972,trunk
mre2,mgs1,0.000,2984.962,300000000,1202.972,high_dl
mgs1,mre3,0.000,38260.683,300000000,1202.963,trunk
mre3,mgs1,0.000,38260.683,300000000,1202.963,high_dl
mr2,mre3,0.000,4322.207,150000000,0.071,low_ul
mre3,mr2,0.000,4322.207,10000000,0.071,low_dl
mgs1,mre1,4366.745,10119.369,300000000,1202.961,trunk
mre1,mgs1,4366.745,10119.369,300000000,1202.961,high_dl
mgs1,mre2,5292.756,9692.786,300000000,1202.954,trunk
mre2,mgs1,5292.756,9692.786,300000000,1202.954,high_dl
mr2,mre1,7065.237,7794.360,150000000,0.054,low_ul
mre1,mr2,7065.237,7794.360,10000000,0.054,low_dl
mr1,mre2,10368.950,10878.430,150000000,0.053,low_ul
mre2,mr1,10368.950,10878.430,10000000,0.053,low_dl
mgs1,mre1,11464.912,17223.174,300000000,1202.924,trunk
mre1,mgs1,11464.912,17223.174,300000000,1202.924,high_dl
mgs1,mre2,12001.439,16400.613,300000000,1202.920,trunk
mre2,mgs1,12001.439,16400.613,300000000,1202.920,high_dl
mgs1,mre1,18563.058,24326.998,300000000,1202.891,trunk
mre1,mgs1,18563.058,24326.998,300000000,1202.891,high_dl
mgs1,mre2,18710.119,23108.439,300000000,1202.889,trunk
mre2,mgs1,18710.119,23108.439,300000000,1202.889,high_dl
mr1,mre3,19960.264,31313.335,150000000,0.076,low_ul
mre3,mr1,19960.264,31313.335,10000000,0.076,low_dl
mgs1,mre2,25418.798,29816.265,300000000,1202.862,trunk
mre2,mgs1,25418.798,29816.265,300000000,1202.862,high_dl
mgs1,mre1,25661.174,31430.846,300000000,1202.862,trunk
mre1,mgs1,25661.174,31430.846,300000000,1202.862,high_dl
mr2,mre2,27807.462,28340.633,150000000,0.053,low_ul
mre2,mr2,27807.462,28340.633,10000000,0.053,low_dl
mr1,mre1,28371.900,28967.657,150000000,0.054,low_ul
mre1,mr1,28371.900,28967.657,10000000,0.054,low_dl
mr2,mre3,29187.557,41055.379,150000000,0.076,low_ul
mre3,mr2,29187.557,41055.379,10000000,0.076,low_dl
mgs1,mre2,32127.474,36524.089,300000000,1202.837,trunk
mre2,mgs1,32127.474,36524.089,300000000,1202.837,high_dl
mgs2,mre3,32628.632,57331.272,300000000,1202.814,trunk
mre3,mgs2,32628.632,57331.272,300000000,1202.814,high_dl
mgs2,mre2,32629.159,36524.096,300000000,1202.838,trunk
mre2,mgs2,32629.159,36524.096,300000000,1202.838,trunk
mgs2,mre1,32759.230,38534.832,300000000,1202.843,trunk
mre1,mgs2,32759.230,38534.832,300000000,1202.843,high_dl
mgs1,mre1,32759.258,38260.947,300000000,1202.837,trunk
mre1,mgs1,32759.258,38260.947,300000000,1202.837,high_dl
mr1,mre1,35703.055,36104.313,150000000,0.054,low_ul
mre1,mr1,35703.055,36104.313,10000000,0.054,low_dl
mgs2,mre2,38836.183,43231.930,300000000,1202.810,trunk
mre2,mgs2,38836.183,43231.930,300000000,1202.810,trunk
mgs2,mre1,39857.301,45638.727,300000000,1202.806,trunk
mre1,mgs2,39857.301,45638.727,300000000,1202.806,high_dl
mr2,mre1,45335.946,45983.536,150000000,0.054,low_ul
mre1,mr2,45335.946,45983.536,10000000,0.054,low_dl
mgs2,mre2,45544.863,49939.764,300000000,1202.778,trunk
mre2,mgs2,45544.863,49939.764,300000000,1202.778,trunk
mgs2,mre1,46955.348,52742.642,300000000,1202.773,trunk
mre1,mgs2,46955.348,52742.642,300000000,1202.773,high_dl
mgs2,mre2,52253.540,56647.598,300000000,1202.749,trunk
mre2,mgs2,52253.540,56647.598,300000000,1202.749,trunk
mr2,mre1,52768.389,52972.285,150000000,0.054,low_ul
mre1,mr2,52768.389,52972.285,10000000,0.054,low_dl
mgs2,mre1,54053.366,57331.213,300000000,1202.743,trunk
mre1,mgs2,54053.366,57331.213,300000000,1202.743,high_dl
mr1,mre2,54634.160,55145.501,150000000,0.053,low_ul
mre2,mr1,54634.160,55145.501,10000000,0.053,low_dl
mr1,mre3,56144.287,67980.100,150000000,0.076,low_ul
mre3,mr1,56144.287,67980.100,10000000,0.076,low_dl
mr2,mre3,67537.798,78785.414,150000000,0.076,low_ul
mre3,mr2,67537.798,78785.414,10000000,0.076,low_dl
mr2,mre2,70819.232,71224.074,150000000,0.053,low_ul
mre2,mr2,70819.232,71224.074,10000000,0.053,low_dl
mr1,mre1,73768.610,74496.707,150000000,0.054,low_ul
mre1,mr1,73768.610,74496.707,10000000,0.054,low_dl
mgs1,mre2,80271.780,83478.897,300000000,1202.613,trunk
mre2,mgs1,80271.780,83478.897,300000000,1202.613,high_dl
mgs1,mre1,80271.990,81158.627,300000000,1202.620,trunk
mre1,mgs1,80271.990,81158.627,300000000,1202.620,high_dl
mgs1,mre3,80272.185,124614.197,300000000,1202.598,trunk
mre3,mgs1,80272.185,124614.197,300000000,1202.598,high_dl
mgs1,mre1,82445.003,88262.684,300000000,1202.612,trunk
mre1,mgs1,82445.003,88262.684,300000000,1202.612,high_dl
mgs1,mre2,85796.899,90186.744,300000000,1202.591,trunk
mre2,mgs1,85796.899,90186.744,300000000,1202.591,high_dl
mgs1,mre1,89542.888,95366.754,300000000,1202.571,trunk
mre1,mgs1,89542.888,95366.754,300000000,1202.571,high_dl
mr2,mre1,92277.203,92905.104,150000000,0.054,low_ul
mre1,mr2,92277.203,92905.104,10000000,0.054,low_dl
mgs1,mre2,92505.579,96894.594,300000000,1202.553,trunk
mre2,mgs1,92505.579,96894.594,300000000,1202.553,high_dl
mr1,mre3,94752.217,106018.585,150000000,0.076,low_ul
mre3,mr1,94752.217,106018.585,10000000,0.076,low_dl
mgs1,mre1,96640.752,102470.842,300000000,1202.533,trunk
mre1,mgs1,96640.752,102470.842,300000000,1202.533,high_dl
mr1,mre2,97591.726,98109.639,150000000,0.053,low_ul
mre2,mr1,97591.726,98109.639,10000000,0.053,low_dl
mgs1,mre2,99214.257,103602.445,300000000,1202.518,trunk
mre2,mgs1,99214.257,103602.445,300000000,1202.518,high_dl
mr2,mre1,99675.327,99984.680,150000000,0.054,low_ul
mre1,mr2,99675.327,99984.680,10000000,0.054,low_dl
mgs1,mre1,103738.591,109574.952,300000000,1202.498,trunk
mre1,mgs1,103738.591,109574.952,300000000,1202.498,high_dl
mr2,mre3,104830.525,116744.635,150000000,0.076,low_ul
mre3,mr2,104830.525,116744.635,10000000,0.076,low_dl
mgs1,mre2,105922.933,110310.297,300000000,1202.487,trunk
mre2,mgs1,105922.933,110310.297,300000000,1202.487,high_dl
mgs1,mre1,110836.397,116679.091,300000000,1202.468,trunk
mre1,mgs1,110836.397,116679.091,300000000,1202.468,high_dl
mgs1,mre2,112631.607,117018.147,300000000,1202.460,trunk
mre2,mgs1,112631.607,117018.147,300000000,1202.460,high_dl
mr2,mre2,115072.164,115534.959,150000000,0.053,low_ul
mre2,mr2,115072.164,115534.959,10000000,0.053,low_dl
mgs1,mre1,117934.165,123783.265,300000000,1202.441,trunk
mre1,mgs1,117934.165,123783.265,300000000,1202.441,high_dl
mgs2,mre3,118967.733,143719.233,300000000,1202.455,trunk
mre3,mgs2,118967.733,143719.233,300000000,1202.455,high_dl
mgs2,mre1,118968.327,123783.381,300000000,1202.439,trunk
mre1,mgs2,118968.327,123783.381,300000000,1202.439,high_dl
mgs1,mre2,119340.279,123725.996,300000000,1202.435,trunk
mre2,mgs1,119340.279,123725.996,300000000,1202.435,high_dl
mgs2,mre2,119340.307,123726.005,300000000,1202.441,trunk
mre2,mgs2,119340.307,123726.005,300000000,1202.441,trunk
mr1,mre1,120676.476,121409.057,150000000,0.054,low_ul
mre1,mr1,120676.476,121409.057,10000000,0.054,low_dl
mgs2,mre1,125031.876,130887.579,300000000,1202.412,trunk
mre1,mgs2,125031.876,130887.579,300000000,1202.412,high_dl
mgs2,mre2,126048.984,130433.863,300000000,1202.405,trunk
mre2,mgs2,126048.984,130433.863,300000000,1202.405,trunk
mr1,mre3,131755.890,143703.694,150000000,0.076,low_ul
mre3,mr1,131755.890,143703.694,10000000,0.076,low_dl
mgs2,mre1,132129.596,137991.801,300000000,1202.377,trunk
mre1,mgs2,132129.596,137991.801,300000000,1202.377,high_dl
mgs2,mre2,132757.660,137141.722,300000000,1202.373,trunk
mre2,mgs2,132757.660,137141.722,300000000,1202.373,trunk
mr2,mre1,137686.615,138401.027,150000000,0.054,low_ul
mre1,mr2,137686.615,138401.027,10000000,0.054,low_dl
mgs2,mre1,139227.282,143719.600,300000000,1202.346,trunk
mre1,mgs2,139227.282,143719.600,300000000,1202.346,high_dl
mgs2,mre2,139466.333,143719.606,300000000,1202.344,trunk
mre2,mgs2,139466.333,143719.606,300000000,1202.344,trunk
mr2,mre3,141701.204,152945.523,150000000,0.076,low_ul
mre3,mr2,141701.204,152945.523,10000000,0.076,low_dl
mr1,mre2,141845.952,142385.078,150000000,0.053,low_ul
mre2,mr1,141845.952,142385.078,10000000,0.053,low_dl
mr1,mre1,158963.778,159603.109,150000000,0.054,low_ul
mre1,mr1,158963.778,159603.109,10000000,0.054,low_dl
mr2,mre2,164737.021,165056.505,150000000,0.053,low_ul
mre2,mr2,164737.021,165056.505,10000000,0.053,low_dl
mr1,mre1,166365.739,166625.332,150000000,0.054,low_ul
mre1,mr1,166365.739,166625.332,10000000,0.054,low_dl
mgs1,mre2,166646.228,170680.980,300000000,1202.216,trunk
mre2,mgs1,166646.228,170680.980,300000000,1202.216,high_dl
mgs1,mre3,166646.252,210966.634,300000000,1202.199,trunk
mre3,mgs1,166646.252,210966.634,300000000,1202.199,high_dl
mgs1,mre1,167617.516,173513.474,300000000,1202.214,trunk
mre1,mgs1,167617.516,173513.474,300000000,1202.214,high_dl
mr1,mre3,168760.726,180008.381,150000000,0.076,low_ul
mre3,mr1,168760.726,180008.381,10000000,0.076,low_dl
mgs1,mre2,173009.672,177388.851,300000000,1202.181,trunk
mre2,mgs1,173009.672,177388.851,300000000,1202.181,high_dl
mgs1,mre1,174715.035,180617.889,300000000,1202.173,trunk
mre1,mgs1,174715.035,180617.889,300000000,1202.173,high_dl
mgs1,mre2,179718.347,184096.726,300000000,1202.143,trunk
mre2,mgs1,179718.347,184096.726,300000000,1202.143,high_dl
mr2,mre3,180792.284,192377.281,150000000,0.076,low_ul
mre3,mr2,180792.284,192377.281,10000000,0.076,low_dl
mgs1,mre1,181812.530,187722.325,300000000,1202.133,trunk
mre1,mgs1,181812.530,187722.325,300000000,1202.133,high_dl
mr2,mre1,184605.162,185327.287,150000000,0.054,low_ul
mre1,mr2,184605.162,185327.287,10000000,0.054,low_dl
mr1,mre2,184853.913,185295.640,150000000,0.053,low_ul
mre2,mr1,184853.913,185295.640,10000000,0.053,low_dl
mgs1,mre2,186427.021,190804.601,300000000,1202.108,trunk
mre2,mgs1,186427.021,190804.601,300000000,1202.108,high_dl
mgs1,mre1,188909.994,194826.790,300000000,1202.097,trunk
mre1,mgs1,188909.994,194826.790,300000000,1202.097,high_dl
mgs1,mre2,193135.693,197512.476,300000000,1202.076,trunk
mre2,mgs1,193135.693,197512.476,300000000,1202.076,high_dl
mgs1,mre1,196007.419,201931.290,300000000,1202.066,trunk
mre1,mgs1,196007.419,201931.290,300000000,1202.066,high_dl
mgs1,mre2,199844.362,204220.350,300000000,1202.049,trunk
mre2,mgs1,199844.362,204220.350,300000000,1202.049,high_dl
mr2,mre2,202410.877,202662.468,150000000,0.053,low_ul
mre2,mr2,202410.877,202662.468,10000000,0.053,low_dl
mgs1,mre1,203104.800,209035.832,300000000,1202.038,trunk
mre1,mgs1,203104.800,209035.832,300000000,1202.038,high_dl
mgs2,mre1,205306.003,209035.959,300000000,1202.026,trunk
mre1,mgs2,205306.003,209035.959,300000000,1202.026,high_dl
mgs2,mre3,205306.230,230108.880,300000000,1202.051,trunk
mre3,mgs2,205306.230,230108.880,300000000,1202.051,high_dl
mr1,mre1,205893.787,206515.405,150000000,0.054,low_ul
mre1,mr1,205893.787,206515.405,10000000,0.054,low_dl
mgs1,mre2,206553.030,210928.223,300000000,1202.024,trunk
mre2,mgs1,206553.030,210928.223,300000000,1202.024,high_dl
mgs2,mre2,206553.059,210928.234,300000000,1202.028,trunk
mre2,mgs2,206553.059,210928.234,300000000,1202.028,trunk
mr1,mre3,207664.423,219317.204,150000000,0.076,low_ul
mre3,mr1,207664.423,219317.204,10000000,0.076,low_dl
mr2,mre2,209060.923,209311.742,150000000,0.053,low_ul
mre2,mr2,209060.923,209311.742,10000000,0.053,low_dl
mgs2,mre1,210202.104,216140.534,300000000,1202.009,trunk
mre1,mgs2,210202.104,216140.534,300000000,1202.009,high_dl
mgs1,mre1,210202.130,210966.279,300000000,1202.012,trunk
mre1,mgs1,210202.130,210966.279,300000000,1202.012,high_dl
mgs2,mre2,213261.732,217636.116,300000000,1201.992,trunk
mre2,mgs2,213261.732,217636.116,300000000,1201.992,trunk
mr1,mre1,213274.077,213609.883,150000000,0.054,low_ul
mre1,mr1,213274.077,213609.883,10000000,0.054,low_dl
mr2,mre3,217147.698,228725.845,150000000,0.076,low_ul
mre3,mr2,217147.698,228725.845,10000000,0.076,low_dl
mgs2,mre1,217299.419,223245.140,300000000,1201.973,trunk
mre1,mgs2,217299.419,223245.140,300000000,1201.973,high_dl
mgs2,mre2,219970.403,224343.999,300000000,1201.959,trunk
mre2,mgs2,219970.403,224343.999,300000000,1201.959,trunk
mr2,mre1,222863.611,223530.085,150000000,0.054,low_ul
mre1,mr2,222863.611,223530.085,10000000,0.054,low_dl
mgs2,mre1,224396.695,230109.147,300000000,1201.941,trunk
mre1,mgs2,224396.695,230109.147,300000000,1201.941,high_dl
mgs2,mre2,226679.072,230109.304,300000000,1201.930,trunk
mre2,mgs2,226679.072,230109.304,300000000,1201.930,trunk
mr1,mre2,229100.050,229588.497,150000000,0.053,low_ul
mre2,mr1,229100.050,229588.497,10000000,0.053,low_dl
mr1,mre3,244099.535,255635.208,150000000,0.076,low_ul
mre3,mr1,244099.535,255635.208,10000000,0.076,low_dl
mr1,mre1,251308.060,252028.339,150000000,0.054,low_ul
mre1,mr1,251308.060,252028.339,10000000,0.054,low_dl
mr2,mre2,251890.248,252366.980,150000000,0.053,low_ul
mre2,mr2,251890.248,252366.980,10000000,0.053,low_dl
mgs1,mre3,253021.103,297317.516,300000000,1201.826,trunk
mre3,mgs1,253021.103,297317.516,300000000,1201.826,high_dl
mgs1,mre1,253021.189,258768.871,300000000,1201.806,trunk
mre1,mgs1,253021.189,258768.871,300000000,1201.806,high_dl
mgs1,mre2,253513.719,257883.377,300000000,1201.803,trunk
mre2,mgs1,253513.719,257883.377,300000000,1201.803,high_dl
mr2,mre3,256587.646,267835.417,150000000,0.076,low_ul
mre3,mr2,256587.646,267835.417,10000000,0.076,low_dl
mgs1,mre1,259882.244,265873.723,300000000,1201.766,trunk
mre1,mgs1,259882.244,265873.723,300000000,1201.766,high_dl
mgs1,mre2,260222.391,264591.272,300000000,1201.763,trunk
mre2,mgs1,260222.391,264591.272,300000000,1201.763,high_dl
mgs1,mre2,266931.063,271299.170,300000000,1201.724,trunk
mre2,mgs1,266931.063,271299.170,300000000,1201.724,high_dl
mgs1,mre1,266979.273,272978.605,300000000,1201.725,trunk
mre1,mgs1,266979.273,272978.605,300000000,1201.725,high_dl
mr2,mre1,269801.347,270450.838,150000000,0.054,low_ul
mre1,mr2,269801.347,270450.838,10000000,0.054,low_dl
mr1,mre2,272201.501,272390.847,150000000,0.053,low_ul
mre2,mr1,272201.501,272390.847,10000000,0.053,low_dl
mgs1,mre2,273639.732,278007.068,300000000,1201.689,trunk
mre2,mgs1,273639.732,278007.068,300000000,1201.689,high_dl
mgs1,mre1,274076.263,280083.524,300000000,1201.688,trunk
mre1,mgs1,274076.263,280083.524,300000000,1201.688,high_dl
mr2,mre1,277264.089,277473.030,150000000,0.054,low_ul
mre1,mr2,277264.089,277473.030,10000000,0.054,low_dl
mr1,mre2,278823.321,279070.752,150000000,0.053,low_ul
mre2,mr1,278823.321,279070.752,10000000,0.053,low_dl
mgs1,mre2,280348.400,284714.966,300000000,1201.657,trunk
mre2,mgs1,280348.400,284714.966,300000000,1201.657,high_dl
mgs1,mre1,281173.206,287188.488,300000000,1201.655,trunk
mre1,mgs1,281173.206,287188.488,300000000,1201.655,high_dl
mr1,mre3,283553.959,294856.552,150000000,0.076,low_ul
mre3,mr1,283553.959,294856.552,10000000,0.076,low_dl
mgs1,mre2,287057.065,291422.863,300000000,1201.629,trunk
mre2,mgs1,287057.065,291422.863,300000000,1201.629,high_dl
mgs1,mre1,288270.094,294293.505,300000000,1201.626,trunk
mre1,mgs1,288270.094,294293.505,300000000,1201.626,high_dl
mgs2,mre1,291641.969,294293.645,300000000,1201.608,trunk
mre1,mgs2,291641.969,294293.645,300000000,1201.608,high_dl
mgs2,mre3,291642.206,316500.407,300000000,1201.594,trunk
mre3,mgs2,291642.206,316500.407,300000000,1201.594,high_dl
mr2,mre3,292781.814,304692.397,150000000,0.076,low_ul
mre3,mr2,292781.814,304692.397,10000000,0.076,low_dl
mgs1,mre2,293765.729,297317.697,300000000,1201.604,trunk
mre2,mgs1,293765.729,297317.697,300000000,1201.604,high_dl
mgs2,mre2,293765.758,298130.771,300000000,1201.606,trunk
mre2,mgs2,293765.758,298130.771,300000000,1201.606,trunk
mgs2,mre1,295366.879,301398.708,300000000,1201.599,trunk
mre1,mgs2,295366.879,301398.708,300000000,1201.599,high_dl
mgs1,mre1,295366.920,297317.915,300000000,1201.599,trunk
mre1,mgs1,295366.920,297317.915,300000000,1201.599,high_dl
mr2,mre2,296174.727,296640.935,150000000,0.053,low_ul
mre2,mr2,296174.727,296640.935,10000000,0.053,low_dl
mr1,mre1,298216.046,298942.241,150000000,0.054,low_ul
mre1,mr1,298216.046,298942.241,10000000,0.054,low_dl
mgs2,mre2,300474.427,304838.677,300000000,1201.570,trunk
mre2,mgs2,300474.427,304838.677,300000000,1201.570,trunk
mgs2,mre1,302463.678,308503.812,300000000,1201.561,trunk
mre1,mgs2,302463.678,308503.812,300000000,1201.561,high_dl
mgs2,mre2,307183.093,311546.582,300000000,1201.537,trunk
mre2,mgs2,307183.093,311546.582,300000000,1201.537,trunk
mgs2,mre1,309560.426,315608.966,300000000,1201.528,trunk
mre1,mgs2,309560.426,315608.966,300000000,1201.528,high_dl
mgs2,mre2,313891.758,316500.257,300000000,1201.508,trunk
mre2,mgs2,313891.758,316500.257,300000000,1201.508,trunk
mr2,mre1,315227.385,315931.033,150000000,0.054,low_ul
mre1,mr2,315227.385,315931.033,10000000,0.054,low_dl
mr1,mre2,316413.975,316738.996,150000000,0.053,low_ul
mre2,mr1,316413.975,316738.996,10000000,0.053,low_dl
mr1,mre3,319739.197,331626.227,150000000,0.076,low_ul
mre3,mr1,319739.197,331626.227,10000000,0.076,low_dl
mr1,mre2,323165.653,323292.993,150000000,0.053,low_ul
mre2,mr1,323165.653,323292.993,10000000,0.053,low_dl
mr2,mre3,330775.233,342023.708,150000000,0.076,low_ul
mre3,mr2,330775.233,342023.708,10000000,0.076,low_dl
mr1,mre1,336490.847,337150.340,150000000,0.054,low_ul
mre1,mr1,336490.847,337150.340,10000000,0.054,low_dl
mr2,mre2,339095.967,339618.101,150000000,0.053,low_ul
mre2,mr2,339095.967,339618.101,10000000,0.053,low_dl
mgs1,mre1,339396.868,344030.248,300000000,1201.379,trunk
mre1,mgs1,339396.868,344030.248,300000000,1201.379,high_dl
mgs1,mre3,339397.087,383668.226,300000000,1201.391,trunk
mre3,mgs1,339397.087,383668.226,300000000,1201.391,high_dl
mgs1,mre2,340726.390,345086.076,300000000,1201.376,trunk
mre2,mgs1,340726.390,345086.076,300000000,1201.376,high_dl
mr1,mre1,343974.037,344085.138,150000000,0.054,low_ul
mre1,mr1,343974.037,344085.138,10000000,0.054,low_dl
mgs1,mre1,345043.112,351135.683,300000000,1201.351,trunk
mre1,mgs1,345043.112,351135.683,300000000,1201.351,high_dl
mgs1,mre2,347435.059,351793.994,300000000,1201.336,trunk
mre2,mgs1,347435.059,351793.994,300000000,1201.336,high_dl
mgs1,mre1,352139.528,358241.161,300000000,1201.309,trunk
mre1,mgs1,352139.528,358241.161,300000000,1201.309,high_dl
mgs1,mre2,354143.726,358501.915,300000000,1201.297,trunk
mre2,mgs1,354143.726,358501.915,300000000,1201.297,high_dl
mr1,mre3,358002.100,369282.089,150000000,0.076,low_ul
mre3,mr1,358002.100,369282.089,10000000,0.076,low_dl
mgs1,mre1,359235.892,365346.690,300000000,1201.271,trunk
mre1,mgs1,359235.892,365346.690,300000000,1201.271,high_dl
mgs1,mre2,360852.391,365209.835,300000000,1201.261,trunk
mre2,mgs1,360852.391,365209.835,300000000,1201.261,high_dl
mr2,mre1,362146.177,362859.362,150000000,0.054,low_ul
mre1,mr2,362146.177,362859.362,10000000,0.054,low_dl
mr1,mre2,365952.725,366406.725,150000000,0.053,low_ul
mre2,mr1,365952.725,366406.725,10000000,0.053,low_dl
mgs1,mre1,366332.194,372452.281,300000000,1201.237,trunk
mre1,mgs1,366332.194,372452.281,300000000,1201.237,high_dl
mgs1,mre2,367561.055,371917.756,300000000,1201.230,trunk
mre2,mgs1,367561.055,371917.756,300000000,1201.230,high_dl
mr2,mre3,368466.221,380338.753,150000000,0.076,low_ul
mre3,mr2,368466.221,380338.753,10000000,0.076,low_dl
mgs1,mre1,373428.425,379557.943,300000000,1201.206,trunk
mre1,mgs1,373428.425,379557.943,300000000,1201.206,high_dl
mgs1,mre2,374269.716,378625.674,300000000,1201.201,trunk
mre2,mgs1,374269.716,378625.674,300000000,1201.201,high_dl
mgs2,mre3,377976.014,402892.827,300000000,1201.173,trunk
mre3,mgs2,377976.014,402892.827,300000000,1201.173,high_dl
mgs2,mre2,377976.371,378625.680,300000000,1201.188,trunk
mre2,mgs2,377976.371,378625.680,300000000,1201.188,trunk
mgs2,mre1,377976.378,379558.099,300000000,1201.188,trunk
mre1,mgs2,377976.378,379558.099,300000000,1201.188,high_dl
mgs2,mre1,380524.515,386663.829,300000000,1201.180,trunk
mre1,mgs2,380524.515,386663.829,300000000,1201.180,high_dl
mgs1,mre1,380524.574,383668.690,300000000,1201.179,trunk
mre1,mgs1,380524.574,383668.690,300000000,1201.179,high_dl
mgs1,mre2,380978.375,383668.449,300000000,1201.176,trunk
mre2,mgs1,380978.375,383668.449,300000000,1201.176,high_dl
mgs2,mre2,380978.405,385333.607,300000000,1201.176,trunk
mre2,mgs2,380978.405,385333.607,300000000,1201.176,trunk
mr2,mre2,383364.957,383899.254,150000000,0.053,low_ul
mre2,mr2,383364.957,383899.254,10000000,0.053,low_dl
mr1,mre1,383417.404,384061.620,150000000,0.054,low_ul
mre1,mr1,383417.404,384061.620,10000000,0.054,low_dl
mgs2,mre1,387620.617,393769.617,300000000,1201.142,trunk
mre1,mgs2,387620.617,393769.617,300000000,1201.142,high_dl
mgs2,mre2,387687.070,392041.534,300000000,1201.140,trunk
mre2,mgs2,387687.070,392041.534,300000000,1201.140,trunk
mr1,mre1,390856.449,391104.442,150000000,0.054,low_ul
mre1,mr1,390856.449,391104.442,10000000,0.054,low_dl
mgs2,mre2,394395.732,398749.461,300000000,1201.107,trunk
mre2,mgs2,394395.732,398749.461,300000000,1201.107,trunk
mgs2,mre1,394716.649,400875.475,300000000,1201.107,trunk
mre1,mgs2,394716.649,400875.475,300000000,1201.107,high_dl
mr1,mre3,395379.131,407296.096,150000000,0.076,low_ul
mre3,mr1,395379.131,407296.096,10000000,0.076,low_dl
mr2,mre1,400392.403,401075.243,150000000,0.054,low_ul
mre1,mr2,400392.403,401075.243,10000000,0.054,low_dl
mgs2,mre2,401104.393,402892.521,300000000,1201.077,trunk
mre2,mgs2,401104.393,402892.521,300000000,1201.077,trunk
mgs2,mre1,401812.603,402892.414,300000000,1201.075,trunk
mre1,mgs2,401812.603,402892.414,300000000,1201.075,high_dl
mr2,mre3,405210.434,416496.576,150000000,0.076,low_ul
mre3,mr2,405210.434,416496.576,10000000,0.076,low_dl
mr1,mre2,410231.481,410669.177,150000000,0.053,low_ul
mre2,mr1,410231.481,410669.177,10000000,0.053,low_dl
mgs1,mre1,425773.181,429299.836,300000000,1200.945,trunk
mre1,mgs1,425773.181,429299.836,300000000,1200.945,high_dl
mgs1,mre3,425773.313,470018.933,300000000,1200.925,trunk
mre3,mgs1,425773.313,470018.933,300000000,1200.925,high_dl
mr2,mre2,426338.704,426826.069,150000000,0.053,low_ul
mre2,mr2,426338.704,426826.069,10000000,0.053,low_dl
mgs1,mre2,427939.011,432289.067,300000000,1200.942,trunk
mre2,mgs1,427939.011,432289.067,300000000,1200.942,high_dl
mr1,mre1,428848.406,429558.869,150000000,0.054,low_ul
mre1,mr1,428848.406,429558.869,10000000,0.054,low_dl
mgs1,mre1,430195.381,436406.102,300000000,1200.929,trunk
mre1,mgs1,430195.381,436406.102,300000000,1200.929,high_dl
mr1,mre3,432235.474,443509.554,150000000,0.076,low_ul
mre3,mr1,432235.474,443509.554,10000000,0.076,low_dl
mgs1,mre2,434647.675,438997.007,300000000,1200.900,trunk
mre2,mgs1,434647.675,438997.007,300000000,1200.900,high_dl
mgs1,mre1,437290.933,443512.436,300000000,1200.886,trunk
mre1,mgs1,437290.933,443512.436,300000000,1200.886,high_dl
mgs1,mre2,441356.338,445704.949,300000000,1200.861,trunk
mre2,mgs1,441356.338,445704.949,300000000,1200.861,high_dl
mgs1,mre1,444386.409,450618.849,300000000,1200.846,trunk
mre1,mgs1,444386.409,450618.849,300000000,1200.846,high_dl
mr2,mre3,444468.871,455984.248,150000000,0.076,low_ul
mre3,mr2,444468.871,455984.248,10000000,0.076,low_dl
mr2,mre1,447326.995,447995.270,150000000,0.054,low_ul
mre1,mr2,447326.995,447995.270,10000000,0.054,low_dl
mgs1,mre2,448064.999,452412.891,300000000,1200.825,trunk
mre2,mgs1,448064.999,452412.891,300000000,1200.825,high_dl
mgs1,mre1,451481.795,457725.354,300000000,1200.810,trunk
mre1,mgs1,451481.795,457725.354,300000000,1200.810,high_dl
mr1,mre2,453148.783,453669.045,150000000,0.053,low_ul
mre2,mr1,453148.783,453669.045,10000000,0.053,low_dl
mgs1,mre2,454773.658,459120.833,300000000,1200.794,trunk
mre2,mgs1,454773.658,459120.833,300000000,1200.794,high_dl
mgs1,mre1,458577.077,464831.966,300000000,1200.779,trunk
mre1,mgs1,458577.077,464831.966,300000000,1200.779,high_dl
mgs1,mre2,461482.315,465828.773,300000000,1200.765,trunk
mre2,mgs1,461482.315,465828.773,300000000,1200.765,high_dl
mgs2,mre1,464309.441,464832.146,300000000,1200.761,trunk
mre1,mgs2,464309.441,464832.146,300000000,1200.761,high_dl
mgs2,mre3,464309.488,489286.137,300000000,1200.780,trunk
mre3,mgs2,464309.488,489286.137,300000000,1200.780,high_dl
mgs2,mre2,464309.504,465828.781,300000000,1200.748,trunk
mre2,mgs2,464309.504,465828.781,300000000,1200.748,trunk
mgs2,mre1,465672.158,471938.865,300000000,1200.754,trunk
mre1,mgs2,465672.158,471938.865,300000000,1200.754,high_dl
mgs1,mre1,465672.242,470018.607,300000000,1200.750,trunk
mre1,mgs1,465672.242,470018.607,300000000,1200.750,high_dl
mgs1,mre2,468190.971,470018.537,300000000,1200.739,trunk
mre2,mgs1,468190.971,470018.537,300000000,1200.739,high_dl
mgs2,mre2,468191.002,472536.728,300000000,1200.738,trunk
mre2,mgs2,468191.002,472536.728,300000000,1200.738,trunk
mr2,mre2,470598.814,471119.906,150000000,0.053,low_ul
mre2,mr2,470598.814,471119.906,10000000,0.053,low_dl
mr1,mre3,471341.506,482925.779,150000000,0.076,low_ul
mre3,mr1,471341.506,482925.779,10000000,0.076,low_dl
mgs2,mre1,472767.236,479045.679,300000000,1200.714,trunk
mre1,mgs2,472767.236,479045.679,300000000,1200.714,high_dl
mgs2,mre2,474899.662,479244.677,300000000,1200.701,trunk
mre2,mgs2,474899.662,479244.677,300000000,1200.701,trunk
mr1,mre1,475756.693,476474.582,150000000,0.054,low_ul
mre1,mr1,475756.693,476474.582,10000000,0.054,low_dl
mgs2,mre1,479862.210,486152.602,300000000,1200.678,trunk
mre1,mgs2,479862.210,486152.602,300000000,1200.678,high_dl
mr2,mre3,480756.818,492404.393,150000000,0.076,low_ul
mre3,mr2,480756.818,492404.393,10000000,0.076,low_dl
mgs2,mre2,481608.320,485952.626,300000000,1200.668,trunk
mre2,mgs2,481608.320,485952.626,300000000,1200.668,trunk
mgs2,mre1,486957.063,489286.353,300000000,1200.645,trunk
mre1,mgs2,486957.063,489286.353,300000000,1200.645,high_dl
mgs2,mre2,488316.977,489286.164,300000000,1200.638,trunk
mre2,mgs2,488316.977,489286.164,300000000,1200.638,trunk
mr2,mre1,492769.127,493459.862,150000000,0.054,low_ul
mre1,mr2,492769.127,493459.862,10000000,0.054,low_dl
mr1,mre2,497409.929,497938.132,150000000,0.053,low_ul
mre2,mr1,497409.929,497938.132,10000000,0.053,low_dl
mr1,mre3,507706.603,519310.746,150000000,0.076,low_ul
mre3,mr1,507706.603,519310.746,10000000,0.076,low_dl
mgs1,mre3,512149.584,556368.196,300000000,1200.508,trunk
mre3,mgs1,512149.584,556368.196,300000000,1200.508,high_dl
mgs1,mre2,512149.899,512784.381,300000000,1200.512,trunk
mre2,mgs1,512149.899,512784.381,300000000,1200.512,high_dl
mgs1,mre1,512149.951,514581.752,300000000,1200.508,trunk
mre1,mgs1,512149.951,514581.752,300000000,1200.508,high_dl
mr2,mre2,513632.524,513977.311,150000000,0.053,low_ul
mre2,mr2,513632.524,513977.311,10000000,0.053,low_dl
mr1,mre1,514019.097,514696.126,150000000,0.054,low_ul
mre1,mr1,514019.097,514696.126,10000000,0.054,low_dl
mgs1,mre2,515151.580,519492.340,300000000,1200.498,trunk
mre2,mgs1,515151.580,519492.340,300000000,1200.498,high_dl
mgs1,mre1,515334.902,521689.349,300000000,1200.499,trunk
mre1,mgs1,515334.902,521689.349,300000000,1200.499,high_dl
mr2,mre3,520083.168,531303.693,150000000,0.076,low_ul
mre3,mr2,520083.168,531303.693,10000000,0.076,low_dl
mgs1,mre2,521860.241,526200.301,300000000,1200.457,trunk
mre2,mgs1,521860.241,526200.301,300000000,1200.457,high_dl
mgs1,mre1,522429.088,528797.073,300000000,1200.455,trunk
mre1,mgs1,522429.088,528797.073,300000000,1200.455,high_dl
mgs1,mre2,528568.900,532908.263,300000000,1200.417,trunk
mre2,mgs1,528568.900,532908.263,300000000,1200.417,high_dl
mgs1,mre1,529523.138,535904.942,300000000,1200.413,trunk
mre1,mgs1,529523.138,535904.942,300000000,1200.413,high_dl
mgs1,mre2,535277.557,539616.226,300000000,1200.381,trunk
mre2,mgs1,535277.557,539616.226,300000000,1200.381,high_dl
mgs1,mre1,536617.033,543012.977,300000000,1200.376,trunk
mre1,mgs1,536617.033,543012.977,300000000,1200.376,high_dl
mr2,mre1,539688.325,540390.548,150000000,0.054,low_ul
mre1,mr2,539688.325,540390.548,10000000,0.054,low_dl
mr1,mre2,540382.573,540887.431,150000000,0.053,low_ul
mre2,mr1,540382.573,540887.431,10000000,0.053,low_dl
mgs1,mre2,541986.212,546324.188,300000000,1200.349,trunk
mre2,mgs1,541986.212,546324.188,300000000,1200.349,high_dl
mgs1,mre1,543710.749,550121.203,300000000,1200.343,trunk
mre1,mgs1,543710.749,550121.203,300000000,1200.343,high_dl
mr1,mre3,547098.505,558363.148,150000000,0.076,low_ul
mre3,mr1,547098.505,558363.148,10000000,0.076,low_dl
mgs1,mre2,548694.865,553032.149,300000000,1200.321,trunk
mre2,mgs1,548694.865,553032.149,300000000,1200.321,high_dl
mgs2,mre2,550641.272,553032.158,300000000,1200.305,trunk
mre2,mgs2,550641.272,553032.158,300000000,1200.305,trunk
mgs2,mre3,550641.910,575681.290,300000000,1200.327,trunk
mre3,mgs2,550641.910,575681.290,300000000,1200.327,high_dl
mgs2,mre1,550804.137,557229.852,300000000,1200.320,trunk
mre1,mgs2,550804.137,557229.852,300000000,1200.320,high_dl
mgs1,mre1,550804.263,556367.789,300000000,1200.314,trunk
mre1,mgs1,550804.263,556367.789,300000000,1200.314,high_dl
mgs1,mre2,555403.517,556367.933,300000000,1200.294,trunk
mre2,mgs1,555403.517,556367.933,300000000,1200.294,high_dl
mgs2,mre2,555403.548,559740.127,300000000,1200.292,trunk
mre2,mgs2,555403.548,559740.127,300000000,1200.292,trunk
mr2,mre3,556376.083,568316.170,150000000,0.076,low_ul
mre3,mr2,556376.083,568316.170,10000000,0.076,low_dl
mr2,mre2,557879.493,558300.334,150000000,0.053,low_ul
mre2,mr2,557879.493,558300.334,10000000,0.053,low_dl
mgs2,mre1,557897.469,564338.472,300000000,1200.279,trunk
mre1,mgs2,557897.469,564338.472,300000000,1200.279,high_dl
mr1,mre1,560942.572,561606.482,150000000,0.054,low_ul
mre1,mr1,560942.572,561606.482,10000000,0.054,low_dl
mgs2,mre2,562112.204,566448.096,300000000,1200.255,trunk
mre2,mgs2,562112.204,566448.096,300000000,1200.255,trunk
mgs2,mre1,564990.600,571447.310,300000000,1200.241,trunk
mre1,mgs2,564990.600,571447.310,300000000,1200.241,high_dl
mr1,mre1,568476.756,568561.416,150000000,0.054,low_ul
mre1,mr1,568476.756,568561.416,10000000,0.054,low_dl
mgs2,mre2,568820.858,573156.065,300000000,1200.221,trunk
mre2,mgs2,568820.858,573156.065,300000000,1200.221,trunk
mgs2,mre1,572083.501,575681.606,300000000,1200.207,trunk
mre1,mgs2,572083.501,575681.606,300000000,1200.207,high_dl
mgs2,mre2,575529.511,575681.211,300000000,1200.191,trunk
mre2,mgs2,575529.511,575681.211,300000000,1200.191,trunk
mr2,mre1,577922.230,578619.108,150000000,0.054,low_ul
mre1,mr2,577922.230,578619.108,10000000,0.054,low_dl
mr1,mre3,583331.589,595258.929,150000000,0.076,low_ul
mre3,mr1,583331.589,595258.929,10000000,0.076,low_dl
mr1,mre2,584634.432,585166.793,150000000,0.053,low_ul
mre2,mr1,584634.432,585166.793,10000000,0.053,low_dl
mr2,mre3,594037.393,605271.647,150000000,0.076,low_ul
mre3,mr2,594037.393,605271.647,10000000,0.076,low_dl
mgs1,mre3,598526.827,642716.128,300000000,1200.094,trunk
mre3,mgs1,598526.827,642716.128,300000000,1200.094,high_dl
mgs1,mre2,598527.036,599987.904,300000000,1200.059,trunk
mre2,mgs1,598527.036,599987.904,300000000,1200.059,high_dl
mgs1,mre1,598527.089,599885.604,300000000,1200.068,trunk
mre1,mgs1,598527.089,599885.604,300000000,1200.068,high_dl
mgs1,mre1,600452.033,606995.916,300000000,1200.060,trunk
mre1,mgs1,600452.033,606995.916,300000000,1200.060,high_dl
mgs1,mre2,602364.100,606695.883,300000000,1200.047,trunk
mre2,mgs1,602364.100,606695.883,300000000,1200.047,high_dl
mr1,mre1,606389.699,607088.250,150000000,0.054,low_ul
mre1,mr1,606389.699,607088.250,10000000,0.054,low_dl
mr2,mre2,607490.885,607876.165,150000000,0.053,low_ul
mre2,mr2,607490.885,607876.165,10000000,0.053,low_dl
mgs1,mre1,607543.465,614106.573,300000000,1200.015,trunk
mre1,mgs1,607543.465,614106.573,300000000,1200.015,high_dl
mgs1,mre2,609072.757,613403.864,300000000,1200.005,trunk
mre2,mgs1,609072.757,613403.864,300000000,1200.005,high_dl
mgs1,mre1,614634.544,621217.627,300000000,1199.973,trunk
mre1,mgs1,614634.544,621217.627,300000000,1199.973,high_dl
mgs1,mre2,615781.412,620111.847,300000000,1199.965,trunk
mre2,mgs1,615781.412,620111.847,300000000,1199.965,high_dl
mr1,mre3,621246.833,632524.235,150000000,0.076,low_ul
mre3,mr1,621246.833,632524.235,10000000,0.076,low_dl
mgs1,mre1,621725.215,628329.148,300000000,1199.934,trunk
mre1,mgs1,621725.215,628329.148,300000000,1199.934,high_dl
mgs1,mre2,622490.065,626819.830,300000000,1199.929,trunk
mre2,mgs1,622490.065,626819.830,300000000,1199.929,high_dl
mr2,mre1,624854.019,625538.525,150000000,0.054,low_ul
mre1,mr2,624854.019,625538.525,10000000,0.054,low_dl
mr1,mre2,627660.593,628055.935,150000000,0.053,low_ul
mre2,mr1,627660.593,628055.935,10000000,0.053,low_dl
mgs1,mre1,628815.405,635441.223,300000000,1199.900,trunk
mre1,mgs1,628815.405,635441.223,300000000,1199.900,high_dl
mgs1,mre2,629198.716,633527.812,300000000,1199.897,trunk
mre2,mgs1,629198.716,633527.812,300000000,1199.897,high_dl
mr2,mre3,632115.218,643935.432,150000000,0.076,low_ul
mre3,mr2,632115.218,643935.432,10000000,0.076,low_dl
mgs1,mre1,635905.031,642553.955,300000000,1199.869,trunk
mre1,mgs1,635905.031,642553.955,300000000,1199.869,high_dl
mgs1,mre2,635907.365,640235.792,300000000,1199.868,trunk
mre2,mgs1,635907.365,640235.792,300000000,1199.868,high_dl
mgs2,mre2,636971.615,640235.803,300000000,1199.860,trunk
mre2,mgs2,636971.615,640235.803,300000000,1199.860,trunk
mgs2,mre3,636971.625,662077.970,300000000,1199.841,trunk
mre3,mgs2,636971.625,662077.970,300000000,1199.841,high_dl
mgs2,mre1,636971.666,642554.262,300000000,1199.868,trunk
mre1,mgs2,636971.666,642554.262,300000000,1199.868,high_dl
mgs1,mre2,642616.013,642716.576,300000000,1199.841,trunk
mre2,mgs1,642616.013,642716.576,300000000,1199.841,high_dl
mgs2,mre2,642616.045,646943.792,300000000,1199.837,trunk
mre2,mgs2,642616.045,646943.792,300000000,1199.837,trunk
mgs2,mre1,642993.805,649667.693,300000000,1199.836,trunk
mre1,mgs2,642993.805,649667.693,300000000,1199.836,high_dl
mr2,mre2,645305.314,645343.115,150000000,0.053,low_ul
mre2,mr2,645305.314,645343.115,10000000,0.053,low_dl
mgs2,mre2,649324.697,653651.781,300000000,1199.800,trunk
mre2,mgs2,649324.697,653651.781,300000000,1199.800,trunk
mgs2,mre1,650082.084,656781.991,300000000,1199.797,trunk
mre1,mgs2,650082.084,656781.991,300000000,1199.797,high_dl
mr2,mre2,651796.709,652141.865,150000000,0.053,low_ul
mre2,mr2,651796.709,652141.865,10000000,0.053,low_dl
mr1,mre1,653298.459,654006.045,150000000,0.054,low_ul
mre1,mr1,653298.459,654006.045,10000000,0.054,low_dl
mgs2,mre2,656033.347,660359.769,300000000,1199.766,trunk
mre2,mgs2,656033.347,660359.769,300000000,1199.766,trunk
mgs2,mre1,657169.485,662077.905,300000000,1199.762,trunk
mre1,mgs2,657169.485,662077.905,300000000,1199.762,high_dl
mr1,mre3,659015.751,670888.948,150000000,0.076,low_ul
mre3,mr1,659015.751,670888.948,10000000,0.076,low_dl
mr2,mre3,668755.839,680095.721,150000000,0.076,low_ul
mre3,mr2,668755.839,680095.721,10000000,0.076,low_dl
mr2,mre1,670311.910,670987.446,150000000,0.054,low_ul
mre1,mr2,670311.910,670987.446,10000000,0.054,low_dl
mr1,mre2,671902.925,672357.815,150000000,0.053,low_ul
mre2,mr1,671902.925,672357.815,10000000,0.053,low_dl
mgs1,mre1,684904.665,685254.559,300000000,1199.618,trunk
mre1,mgs1,684904.665,685254.559,300000000,1199.618,high_dl
mgs1,mre2,684904.676,687191.689,300000000,1199.603,trunk
mre2,mgs1,684904.676,687191.689,300000000,1199.603,high_dl
mgs1,mre3,684905.003,729064.120,300000000,1199.612,trunk
mre3,mgs1,684905.003,729064.120,300000000,1199.612,high_dl
mgs1,mre1,685503.567,692380.059,300000000,1199.615,trunk
mre1,mgs1,685503.567,692380.059,300000000,1199.615,high_dl
mgs1,mre2,689576.571,693899.688,300000000,1199.587,trunk
mre2,mgs1,689576.571,693899.688,300000000,1199.587,high_dl
mr1,mre1,691548.426,692240.576,150000000,0.054,low_ul
mre1,mr1,691548.426,692240.576,10000000,0.054,low_dl
mgs1,mre1,692579.770,699514.162,300000000,1199.569,trunk
mre1,mgs1,692579.770,699514.162,300000000,1199.569,high_dl
mr2,mre2,694664.588,695163.994,150000000,0.053,low_ul
mre2,mr2,694664.588,695163.994,10000000,0.053,low_dl
mr1,mre3,695753.653,707069.760,150000000,0.076,low_ul
mre3,mr1,695753.653,707069.760,10000000,0.076,low_dl
mgs1,mre2,696285.224,700607.689,300000000,1199.544,trunk
mre2,mgs1,696285.224,700607.689,300000000,1199.544,high_dl
mgs1,mre1,699647.361,729064.294,300000000,1199.525,trunk
mre1,mgs1,699647.361,729064.294,300000000,1199.525,high_dl
mgs1,mre2,702993.875,707315.691,300000000,1199.505,trunk
mre2,mgs1,702993.875,707315.691,300000000,1199.505,high_dl
mr2,mre3,708136.895,719583.940,150000000,0.076,low_ul
mre3,mr2,708136.895,719583.940,10000000,0.076,low_dl
mgs1,mre2,709702.524,714023.693,300000000,1199.468,trunk
mre2,mgs1,709702.524,714023.693,300000000,1199.468,high_dl
mgs1,mre2,716411.171,720731.694,300000000,1199.436,trunk
mre2,mgs1,716411.171,720731.694,300000000,1199.436,high_dl
mr2,mre1,717231.660,717920.796,150000000,0.054,low_ul
mre1,mr2,717231.660,717920.796,10000000,0.054,low_dl
mr1,mre2,721565.510,721902.611,150000000,0.053,low_ul
mre2,mr1,721565.510,721902.611,10000000,0.053,low_dl
mgs1,mre2,723119.816,727439.694,300000000,1199.407,trunk
mre2,mgs1,723119.816,727439.694,300000000,1199.407,high_dl
mgs2,mre3,723299.692,748475.195,300000000,1199.401,trunk
mre3,mgs2,723299.692,748475.195,300000000,1199.401,high_dl
mgs2,mre2,723300.438,727439.706,300000000,1199.411,trunk
mre2,mgs2,723300.438,727439.706,300000000,1199.411,trunk
mgs2,mre1,723300.507,748475.179,300000000,1199.406,trunk
mre1,mgs2,723300.507,748475.179,300000000,1199.406,high_dl
mgs2,mre2,729828.492,734147.714,300000000,1199.374,trunk
mre2,mgs2,729828.492,734147.714,300000000,1199.374,trunk
mr1,mre3,735015.493,746531.538,150000000,0.076,low_ul
mre3,mr1,735015.493,746531.538,10000000,0.076,low_dl
mgs2,mre2,736537.141,740855.722,300000000,1199.336,trunk
mre2,mgs2,736537.141,740855.722,300000000,1199.336,trunk
mr1,mre1,738469.155,739150.127,150000000,0.054,low_ul
mre1,mr1,738469.155,739150.127,10000000,0.054,low_dl
mr2,mre2,738943.204,739440.016,150000000,0.053,low_ul
mre2,mr2,738943.204,739440.016,10000000,0.053,low_dl
mgs2,mre2,743245.787,747563.730,300000000,1199.302,trunk
mre2,mgs2,743245.787,747563.730,300000000,1199.302,trunk
mr2,mre3,744364.664,756079.918,150000000,0.076,low_ul
mre3,mr2,744364.664,756079.918,10000000,0.076,low_dl
mr2,mre1,755453.020,756161.758,150000000,0.054,low_ul
mre1,mr2,755453.020,756161.758,10000000,0.054,low_dl
mr1,mre2,759252.765,759474.680,150000000,0.053,low_ul
mre2,mr1,759252.765,759474.680,10000000,0.053,low_dl
mr1,mre2,765871.611,766152.661,150000000,0.053,low_ul
mre2,mr1,765871.611,766152.661,10000000,0.053,low_dl
mgs1,mre1,771282.824,815411.478,300000000,1199.156,trunk
mre1,mgs1,771282.824,815411.478,300000000,1199.156,high_dl
mgs1,mre2,771282.860,774395.728,300000000,1199.144,trunk
mre2,mgs1,771282.860,774395.728,300000000,1199.144,high_dl
mgs1,mre3,771283.127,815411.753,300000000,1199.124,trunk
mre3,mgs1,771283.127,815411.753,300000000,1199.124,high_dl
mr1,mre3,771315.181,782987.618,150000000,0.076,low_ul
mre3,mr1,771315.181,782987.618,10000000,0.076,low_dl
mgs1,mre2,776788.994,781103.746,300000000,1199.119,trunk
mre2,mgs1,776788.994,781103.746,300000000,1199.119,high_dl
mr2,mre2,781881.663,782401.837,150000000,0.053,low_ul
mre2,mr2,781881.663,782401.837,10000000,0.053,low_dl
mgs1,mre2,783497.642,787811.766,300000000,1199.076,trunk
mre2,mgs1,783497.642,787811.766,300000000,1199.076,high_dl
mr2,mre3,783505.466,794717.913,150000000,0.076,low_ul
mre3,mr2,783505.466,794717.913,10000000,0.076,low_dl
mr1,mre1,783932.001,784616.420,150000000,0.054,low_ul
mre1,mr1,783932.001,784616.420,10000000,0.054,low_dl
mgs1,mre2,790206.289,794519.787,300000000,1199.036,trunk
mre2,mgs1,790206.289,794519.787,300000000,1199.036,high_dl
mgs1,mre2,796914.934,801227.807,300000000,1199.000,trunk
mre2,mgs1,796914.934,801227.807,300000000,1199.000,high_dl
mr2,mre1,802382.324,803080.704,150000000,0.054,low_ul
mre1,mr2,802382.324,803080.704,10000000,0.054,low_dl
mgs1,mre2,803623.578,807935.827,300000000,1198.967,trunk
mre2,mgs1,803623.578,807935.827,300000000,1198.967,high_dl
mr1,mre2,808723.728,809207.553,150000000,0.053,low_ul
mre2,mr1,808723.728,809207.553,10000000,0.053,low_dl
mgs2,mre3,809627.551,834873.476,300000000,1198.969,trunk
mre3,mgs2,809627.551,834873.476,300000000,1198.969,high_dl
mgs2,mre1,809627.666,834873.596,300000000,1198.938,trunk
mre1,mgs2,809627.666,834873.596,300000000,1198.938,high_dl
mgs1,mre2,810332.219,814643.845,300000000,1198.938,trunk
mre2,mgs1,810332.219,814643.845,300000000,1198.938,high_dl
mgs2,mre2,810332.246,814643.859,300000000,1198.943,trunk
mre2,mgs2,810332.246,814643.859,300000000,1198.943,trunk
mr1,mre3,810580.116,821823.566,150000000,0.076,low_ul
mre3,mr1,810580.116,821823.566,10000000,0.076,low_dl
mgs2,mre2,817040.892,821351.885,300000000,1198.902,trunk
mre2,mgs2,817040.892,821351.885,300000000,1198.902,trunk
mr2,mre3,819973.895,831928.011,150000000,0.076,low_ul
mre3,mr2,819973.895,831928.011,10000000,0.076,low_dl
mgs2,mre2,823749.536,828059.912,300000000,1198.865,trunk
mre2,mgs2,823749.536,828059.912,300000000,1198.865,trunk
mr2,mre2,826147.597,826685.923,150000000,0.053,low_ul
mre2,mr2,826147.597,826685.923,10000000,0.053,low_dl
mgs2,mre2,830458.179,834767.937,300000000,1198.831,trunk
mre2,mgs2,830458.179,834767.937,300000000,1198.831,trunk
mr1,mre1,830841.392,831536.583,150000000,0.054,low_ul
mre1,mr1,830841.392,831536.583,10000000,0.054,low_dl
mr2,mre1,840869.301,841012.137,150000000,0.054,low_ul
mre1,mr2,840869.301,841012.137,10000000,0.054,low_dl
mr1,mre3,846924.504,858878.465,150000000,0.076,low_ul
mre3,mr1,846924.504,858878.465,10000000,0.076,low_dl
mr2,mre1,847855.824,848513.698,150000000,0.054,low_ul
mre1,mr2,847855.824,848513.698,10000000,0.054,low_dl
mr1,mre2,852995.707,853472.182,150000000,0.053,low_ul
mre2,mr1,852995.707,853472.182,10000000,0.053,low_dl
mr2,mre3,857349.995,868567.590,150000000,0.076,low_ul
mre3,mr2,857349.995,868567.590,10000000,0.076,low_dl
mgs1,mre3,857661.424,901757.703,300000000,1198.687,trunk
mre3,mgs1,857661.424,901757.703,300000000,1198.687,high_dl
mgs1,mre2,857661.600,861600.011,300000000,1198.682,trunk
mre2,mgs1,857661.600,861600.011,300000000,1198.682,high_dl
mgs1,mre1,857661.628,901757.760,300000000,1198.680,trunk
mre1,mgs1,857661.628,901757.760,300000000,1198.680,high_dl
mgs1,mre2,864001.368,868308.048,300000000,1198.643,trunk
mre2,mgs1,864001.368,868308.048,300000000,1198.643,high_dl
mr1,mre1,869078.753,869783.777,150000000,0.054,low_ul
mre1,mr1,869078.753,869783.777,10000000,0.054,low_dl
mr2,mre2,869136.745,869595.711,150000000,0.053,low_ul
mre2,mr2,869136.745,869595.711,10000000,0.053,low_dl
mgs1,mre2,870710.013,875016.086,300000000,1198.599,trunk
mre2,mgs1,870710.013,875016.086,300000000,1198.599,high_dl
mgs1,mre2,877418.656,881724.125,300000000,1198.559,trunk
mre2,mgs1,877418.656,881724.125,300000000,1198.559,high_dl
mgs1,mre2,884127.297,888432.164,300000000,1198.523,trunk
mre2,mgs1,884127.297,888432.164,300000000,1198.523,high_dl
mr1,mre3,884522.178,895783.034,150000000,0.076,low_ul
mre3,mr1,884522.178,895783.034,10000000,0.076,low_dl
mgs1,mre2,890835.936,895140.201,300000000,1198.490,trunk
mre2,mgs1,890835.936,895140.201,300000000,1198.490,high_dl
mr2,mre1,894776.253,895450.042,150000000,0.054,low_ul
mre1,mr2,894776.253,895450.042,10000000,0.054,low_dl
mr2,mre3,895776.335,907536.385,150000000,0.076,low_ul
mre3,mr2,895776.335,907536.385,10000000,0.076,low_dl
mr1,mre2,895931.923,896455.787,150000000,0.053,low_ul
mre2,mr1,895931.923,896455.787,10000000,0.053,low_dl
mgs2,mre1,895953.241,921273.354,300000000,1198.467,trunk
mre1,mgs2,895953.241,921273.354,300000000,1198.467,high_dl
mgs2,mre3,895953.879,921273.614,300000000,1198.472,trunk
mre3,mgs2,895953.879,921273.614,300000000,1198.472,high_dl
mgs1,mre2,897544.574,901757.584,300000000,1198.460,trunk
mre2,mgs1,897544.574,901757.584,300000000,1198.460,high_dl
mgs2,mre2,897544.602,901848.252,300000000,1198.464,trunk
mre2,mgs2,897544.602,901848.252,300000000,1198.464,trunk
mgs2,mre2,904253.244,908556.297,300000000,1198.423,trunk
mre2,mgs2,904253.244,908556.297,300000000,1198.423,trunk
mgs2,mre2,910961.884,915264.341,300000000,1198.385,trunk
mre2,mgs2,910961.884,915264.341,300000000,1198.385,trunk
mr2,mre2,913394.253,913895.696,150000000,0.053,low_ul
mre2,mr2,913394.253,913895.696,10000000,0.053,low_dl
mr1,mre1,915997.047,916692.663,150000000,0.054,low_ul
mre1,mr1,915997.047,916692.663,10000000,0.054,low_dl
mgs2,mre2,917670.523,921273.789,300000000,1198.351,trunk
mre2,mgs2,917670.523,921273.789,300000000,1198.351,trunk
mr1,mre3,922665.622,934484.998,150000000,0.076,low_ul
mre3,mr1,922665.622,934484.998,10000000,0.076,low_dl
mr2,mre3,932328.191,943729.687,150000000,0.076,low_ul
mre3,mr2,932328.191,943729.687,10000000,0.076,low_dl
mr2,mre1,932984.719,933703.252,150000000,0.054,low_ul
mre1,mr2,932984.719,933703.252,10000000,0.054,low_dl
mr1,mre2,940189.725,940727.261,150000000,0.053,low_ul
mre2,mr1,940189.725,940727.261,10000000,0.053,low_dl
mgs1,mre3,944040.813,988102.647,300000000,1198.227,trunk
mre3,mgs1,944040.813,988102.647,300000000,1198.227,high_dl
mgs1,mre1,944040.974,988103.110,300000000,1198.198,trunk
mre1,mgs1,944040.974,988103.110,300000000,1198.198,high_dl
mgs1,mre2,944505.053,948804.531,300000000,1198.204,trunk
mre2,mgs1,944505.053,948804.531,300000000,1198.204,high_dl
mgs1,mre2,951213.695,955512.586,300000000,1198.158,trunk
mre2,mgs1,951213.695,955512.586,300000000,1198.158,high_dl
mr2,mre2,956459.798,956716.077,150000000,0.053,low_ul
mre2,mr2,956459.798,956716.077,10000000,0.053,low_dl
mgs1,mre2,957922.336,962220.642,300000000,1198.115,trunk
mre2,mgs1,957922.336,962220.642,300000000,1198.115,high_dl
mr1,mre3,959305.720,970675.145,150000000,0.076,low_ul
mre3,mr1,959305.720,970675.145,10000000,0.076,low_dl
mr1,mre1,961475.392,962143.301,150000000,0.054,low_ul
mre1,mr1,961475.392,962143.301,10000000,0.054,low_dl
mr2,mre2,963149.457,963323.757,150000000,0.053,low_ul
mre2,mr2,963149.457,963323.757,10000000,0.053,low_dl
mgs1,mre2,964630.975,968928.698,300000000,1198.074,trunk
mre2,mgs1,964630.975,968928.698,300000000,1198.074,high_dl
mgs1,mre2,971339.612,975636.754,300000000,1198.038,trunk
mre2,mgs1,971339.612,975636.754,300000000,1198.038,high_dl
mr2,mre3,971788.168,983170.023,150000000,0.076,low_ul
mre3,mr2,971788.168,983170.023,10000000,0.076,low_dl
mgs1,mre2,978048.248,982344.809,300000000,1198.005,trunk
mre2,mgs1,978048.248,982344.809,300000000,1198.005,high_dl
mr2,mre1,979911.832,980621.883,150000000,0.054,low_ul
mre1,mr2,979911.832,980621.883,10000000,0.054,low_dl
mgs2,mre1,982277.447,1007674.443,300000000,1197.990,trunk
mre1,mgs2,982277.447,1007674.443,300000000,1197.990,high_dl
mgs2,mre3,982277.541,1007674.787,300000000,1197.962,trunk
mre3,mgs2,982277.541,1007674.787,300000000,1197.962,high_dl
mgs2,mre2,982277.574,982344.818,300000000,1197.992,trunk
mre2,mgs2,982277.574,982344.818,300000000,1197.992,trunk
mr1,mre2,983177.213,983660.914,150000000,0.053,low_ul
mre2,mr1,983177.213,983660.914,10000000,0.053,low_dl
mgs1,mre2,984756.882,988102.992,300000000,1197.974,trunk
mre2,mgs1,984756.882,988102.992,300000000,1197.974,high_dl
mgs2,mre2,984756.910,989052.879,300000000,1197.976,trunk
mre2,mgs2,984756.910,989052.879,300000000,1197.976,trunk
mgs2,mre2,991465.548,995760.941,300000000,1197.935,trunk
mre2,mgs2,991465.548,995760.941,300000000,1197.935,trunk
mgs2,mre2,998174.185,1002469.002,300000000,1197.897,trunk
mre2,mgs2,998174.185,1002469.002,300000000,1197.897,trunk
mr1,mre3,998679.426,1010129.147,150000000,0.076,low_ul
mre3,mr1,998679.426,1010129.147,10000000,0.076,low_dl
mr2,mre2,1000694.531,1001058.684,150000000,0.053,low_ul
mre2,mr2,1000694.531,1001058.684,10000000,0.053,low_dl
mgs2,mre2,1004882.820,1007674.554,300000000,1197.863,trunk
mre2,mgs2,1004882.820,1007674.554,300000000,1197.863,trunk
mr2,mre3,1007968.796,1019748.076,150000000,0.076,low_ul
mre3,mr2,1007968.796,1019748.076,10000000,0.076,low_dl
mr1,mre1,1008385.559,1009066.140,150000000,0.054,low_ul
mre1,mr1,1008385.559,1009066.140,10000000,0.054,low_dl
mr2,mre1,1018343.563,1018615.139,150000000,0.054,low_ul
mre1,mr2,1018343.563,1018615.139,10000000,0.054,low_dl
mr2,mre1,1025400.982,1026038.504,150000000,0.054,low_ul
mre1,mr2,1025400.982,1026038.504,10000000,0.054,low_dl
mr1,mre2,1027426.786,1027945.214,150000000,0.053,low_ul
mre2,mr1,1027426.786,1027945.214,10000000,0.053,low_dl
mgs1,mre1,1030420.678,1074447.634,300000000,1197.712,trunk
mre1,mgs1,1030420.678,1074447.634,300000000,1197.712,high_dl
mgs1,mre3,1030420.817,1074447.744,300000000,1197.705,trunk
mre3,mgs1,1030420.817,1074447.744,300000000,1197.705,high_dl
mgs1,mre2,1031717.336,1036009.280,300000000,1197.711,trunk
mre2,mgs1,1031717.336,1036009.280,300000000,1197.711,high_dl
mr1,mre3,1034921.643,1046660.528,150000000,0.076,low_ul
mre3,mr1,1034921.643,1046660.528,10000000,0.076,low_dl
mgs1,mre2,1038425.974,1042717.352,300000000,1197.666,trunk
mre2,mgs1,1038425.974,1042717.352,300000000,1197.666,high_dl
mgs1,mre2,1045134.612,1049425.425,300000000,1197.622,trunk
mre2,mgs1,1045134.612,1049425.425,300000000,1197.622,high_dl
mr1,mre1,1046610.015,1047325.796,150000000,0.054,low_ul
mre1,mr1,1046610.015,1047325.796,10000000,0.054,low_dl
mr2,mre3,1046849.963,1058071.991,150000000,0.076,low_ul
mre3,mr2,1046849.963,1058071.991,10000000,0.076,low_dl
mr2,mre2,1050253.476,1050686.409,150000000,0.053,low_ul
mre2,mr2,1050253.476,1050686.409,10000000,0.053,low_dl
mgs1,mre2,1051843.247,1056133.498,300000000,1197.581,trunk
mre2,mgs1,1051843.247,1056133.498,300000000,1197.581,high_dl
mgs1,mre2,1058551.881,1062841.571,300000000,1197.545,trunk
mre2,mgs1,1058551.881,1062841.571,300000000,1197.545,high_dl
mgs1,mre2,1065260.512,1069549.642,300000000,1197.511,trunk
mre2,mgs1,1065260.512,1069549.642,300000000,1197.511,high_dl
mr2,mre1,1065374.236,1065507.654,150000000,0.054,low_ul
mre1,mr2,1065374.236,1065507.654,10000000,0.054,low_dl
mgs2,mre3,1068600.097,1094076.298,300000000,1197.501,trunk
mre3,mgs2,1068600.097,1094076.298,300000000,1197.501,high_dl
mgs2,mre2,1068600.432,1069549.653,300000000,1197.494,trunk
mre2,mgs2,1068600.432,1069549.653,300000000,1197.494,trunk
mgs2,mre1,1068600.434,1094076.620,300000000,1197.504,trunk
mre1,mgs2,1068600.434,1094076.620,300000000,1197.504,high_dl
mr1,mre2,1070476.112,1070806.904,150000000,0.053,low_ul
mre2,mr1,1070476.112,1070806.904,10000000,0.053,low_dl
mgs1,mre2,1071969.143,1074447.660,300000000,1197.481,trunk
mre2,mgs1,1071969.143,1074447.660,300000000,1197.481,high_dl
mgs2,mre2,1071969.171,1076257.731,300000000,1197.481,trunk
mre2,mgs2,1071969.171,1076257.731,300000000,1197.481,trunk
mr2,mre1,1072322.192,1072978.203,150000000,0.054,low_ul
mre1,mr2,1072322.192,1072978.203,10000000,0.054,low_dl
mr1,mre3,1073987.871,1085229.205,150000000,0.076,low_ul
mre3,mr1,1073987.871,1085229.205,10000000,0.076,low_dl
mgs2,mre2,1078677.806,1082965.809,300000000,1197.439,trunk
mre2,mgs2,1078677.806,1082965.809,300000000,1197.439,trunk
mr2,mre3,1083578.886,1095530.419,150000000,0.076,low_ul
mre3,mr2,1083578.886,1095530.419,10000000,0.076,low_dl
mgs2,mre2,1085386.439,1089673.887,300000000,1197.401,trunk
mre2,mgs2,1085386.439,1089673.887,300000000,1197.401,trunk
mgs2,mre2,1092095.070,1094076.338,300000000,1197.367,trunk
mre2,mgs2,1092095.070,1094076.338,300000000,1197.367,trunk
mr1,mre1,1093526.165,1094234.173,150000000,0.054,low_ul
mre1,mr1,1093526.165,1094234.173,10000000,0.054,low_dl
mr2,mre2,1094548.139,1094956.836,150000000,0.053,low_ul
mre2,mr2,1094548.139,1094956.836,10000000,0.053,low_dl
mr2,mre1,1110517.285,1111243.640,150000000,0.054,low_ul
mre1,mr2,1110517.285,1111243.640,10000000,0.054,low_dl
mr1,mre3,1110521.606,1122486.420,150000000,0.076,low_ul
mre3,mr1,1110521.606,1122486.420,10000000,0.076,low_dl
mr1,mre2,1114711.948,1115121.641,150000000,0.053,low_ul
mre2,mr1,1114711.948,1115121.641,10000000,0.053,low_dl
mgs1,mre3,1116800.559,1160792.065,300000000,1197.200,trunk
mre3,mgs1,1116800.559,1160792.065,300000000,1197.200,high_dl
mgs1,mre1,1116800.637,1160791.468,300000000,1197.222,trunk
mre1,mgs1,1116800.637,1160791.468,300000000,1197.222,high_dl
mgs1,mre2,1118929.572,1123214.251,300000000,1197.211,trunk
mre2,mgs1,1118929.572,1123214.251,300000000,1197.211,high_dl
mr2,mre3,1120722.936,1131935.783,150000000,0.076,low_ul
mre3,mr2,1120722.936,1131935.783,10000000,0.076,low_dl
mgs1,mre2,1125638.207,1129922.339,300000000,1197.165,trunk
mre2,mgs1,1125638.207,1129922.339,300000000,1197.165,high_dl
mr1,mre1,1131991.152,1132214.154,150000000,0.054,low_ul
mre1,mr1,1131991.152,1132214.154,10000000,0.054,low_dl
mgs1,mre2,1132346.841,1136630.429,300000000,1197.121,trunk
mre2,mgs1,1132346.841,1136630.429,300000000,1197.121,high_dl
mr2,mre2,1137442.641,1137956.691,150000000,0.053,low_ul
mre2,mr2,1137442.641,1137956.691,10000000,0.053,low_dl
mr1,mre1,1139019.974,1139668.793,150000000,0.054,low_ul
mre1,mr1,1139019.974,1139668.793,10000000,0.054,low_dl
mgs1,mre2,1139055.472,1143338.518,300000000,1197.080,trunk
mre2,mgs1,1139055.472,1143338.518,300000000,1197.080,high_dl
mgs1,mre2,1145764.102,1150046.607,300000000,1197.043,trunk
mre2,mgs1,1145764.102,1150046.607,300000000,1197.043,high_dl
mr1,mre3,1147850.162,1159094.357,150000000,0.076,low_ul
mre3,mr1,1147850.162,1159094.357,10000000,0.076,low_dl
mgs1,mre2,1152472.730,1156754.694,300000000,1197.010,trunk
mre2,mgs1,1152472.730,1156754.694,300000000,1197.010,high_dl
mgs2,mre2,1154921.994,1156754.706,300000000,1196.991,trunk
mre2,mgs2,1154921.994,1156754.706,300000000,1196.991,trunk
mgs2,mre1,1154922.165,1180479.612,300000000,1197.005,trunk
mre1,mgs2,1154922.165,1180479.612,300000000,1197.005,high_dl
mgs2,mre3,1154922.377,1180479.090,300000000,1197.027,trunk
mre3,mgs2,1154922.377,1180479.090,300000000,1197.027,high_dl
mr2,mre1,1157442.484,1158162.125,150000000,0.054,low_ul
mre1,mr2,1157442.484,1158162.125,10000000,0.054,low_dl
mgs1,mre2,1159181.357,1160791.589,300000000,1196.979,trunk
mre2,mgs1,1159181.357,1160791.589,300000000,1196.979,high_dl
mgs2,mre2,1159181.386,1163462.801,300000000,1196.977,trunk
mre2,mgs2,1159181.386,1163462.801,300000000,1196.977,trunk
mr2,mre3,1159447.161,1171141.831,150000000,0.076,low_ul
mre3,mr2,1159447.161,1171141.831,10000000,0.076,low_dl
mr1,mre2,1164321.615,1164719.850,150000000,0.053,low_ul
mre2,mr1,1164321.615,1164719.850,10000000,0.053,low_dl
mgs2,mre2,1165890.017,1170170.895,300000000,1196.936,trunk
mre2,mgs2,1165890.017,1170170.895,300000000,1196.936,trunk
mgs2,mre2,1172598.646,1176878.989,300000000,1196.897,trunk
mre2,mgs2,1172598.646,1176878.989,300000000,1196.897,trunk
mgs2,mre2,1179307.273,1180479.191,300000000,1196.862,trunk
mre2,mgs2,1179307.273,1180479.191,300000000,1196.862,trunk
mr2,mre2,1181716.536,1182234.760,150000000,0.053,low_ul
mre2,mr2,1181716.536,1182234.760,10000000,0.053,low_dl
mr1,mre1,1185931.040,1186594.637,150000000,0.054,low_ul
mre1,mr1,1185931.040,1186594.637,10000000,0.054,low_dl
mr1,mre3,1186327.304,1198085.721,150000000,0.076,low_ul
mre3,mr1,1186327.304,1198085.721,10000000,0.076,low_dl
mr2,mre1,1195841.693,1196193.922,150000000,0.054,low_ul
mre1,mr2,1195841.693,1196193.922,10000000,0.054,low_dl
mr2,mre3,1195919.219,1207387.103,150000000,0.076,low_ul
mre3,mr2,1195919.219,1207387.103,10000000,0.076,low_dl
mr2,mre1,1202947.530,1203561.719,150000000,0.054,low_ul
mre1,mr2,1202947.530,1203561.719,10000000,0.054,low_dl
mgs1,mre3,1203180.682,1247134.626,300000000,1196.736,trunk
mre3,mgs1,1203180.682,1247134.626,300000000,1196.736,high_dl
mgs1,mre1,1203180.916,1247134.647,300000000,1196.724,trunk
mre1,mgs1,1203180.916,1247134.647,300000000,1196.724,high_dl
mgs1,mre2,1203181.109,1203711.333,300000000,1196.719,trunk
mre2,mgs1,1203181.109,1203711.333,300000000,1196.719,high_dl
mgs1,mre2,1206141.762,1210419.435,300000000,1196.703,trunk
mre2,mgs1,1206141.762,1210419.435,300000000,1196.703,high_dl
mr1,mre2,1208612.679,1208977.699,150000000,0.053,low_ul
mre2,mr1,1208612.679,1208977.699,10000000,0.053,low_dl
mgs1,mre2,1212850.394,1217127.540,300000000,1196.656,trunk
mre2,mgs1,1212850.394,1217127.540,300000000,1196.656,high_dl
mgs1,mre2,1219559.023,1223835.645,300000000,1196.612,trunk
mre2,mgs1,1219559.023,1223835.645,300000000,1196.612,high_dl
mr1,mre3,1222882.700,1234312.927,150000000,0.076,low_ul
mre3,mr1,1222882.700,1234312.927,10000000,0.076,low_dl
mr1,mre1,1224142.164,1224866.688,150000000,0.054,low_ul
mre1,mr1,1224142.164,1224866.688,10000000,0.054,low_dl
mr2,mre2,1224670.690,1225181.698,150000000,0.053,low_ul
mre2,mr2,1224670.690,1225181.698,10000000,0.053,low_dl
mgs1,mre2,1226267.651,1230543.751,300000000,1196.571,trunk
mre2,mgs1,1226267.651,1230543.751,300000000,1196.571,high_dl
mgs1,mre2,1232976.277,1237251.855,300000000,1196.534,trunk
mre2,mgs1,1232976.277,1237251.855,300000000,1196.534,high_dl
mr2,mre3,1235412.699,1246734.994,150000000,0.076,low_ul
mre3,mr2,1235412.699,1246734.994,10000000,0.076,low_dl
mgs1,mre2,1239684.901,1243959.958,300000000,1196.501,trunk
mre2,mgs1,1239684.901,1243959.958,300000000,1196.501,high_dl
mgs2,mre2,1241242.240,1243959.972,300000000,1196.486,trunk
mre2,mgs2,1241242.240,1243959.972,300000000,1196.486,trunk
mgs2,mre1,1241242.458,1266883.362,300000000,1196.495,trunk
mre1,mgs2,1241242.458,1266883.362,300000000,1196.495,high_dl
mgs2,mre3,1241242.701,1266883.549,300000000,1196.489,trunk
mre3,mgs2,1241242.701,1266883.549,300000000,1196.489,high_dl
mr2,mre1,1242840.537,1243109.434,150000000,0.054,low_ul
mre1,mr2,1242840.537,1243109.434,10000000,0.054,low_dl
mgs1,mre2,1246393.524,1247134.737,300000000,1196.469,trunk
mre2,mgs1,1246393.524,1247134.737,300000000,1196.469,high_dl
mgs2,mre2,1246393.554,1250668.081,300000000,1196.466,trunk
mre2,mgs2,1246393.554,1250668.081,300000000,1196.466,trunk
mr2,mre1,1249869.589,1250505.173,150000000,0.054,low_ul
mre1,mr2,1249869.589,1250505.173,10000000,0.054,low_dl
mr1,mre2,1251498.892,1252003.605,150000000,0.053,low_ul
mre2,mr1,1251498.892,1252003.605,10000000,0.053,low_dl
mgs2,mre2,1253102.181,1257376.192,300000000,1196.424,trunk
mre2,mgs2,1253102.181,1257376.192,300000000,1196.424,trunk
mgs2,mre2,1259810.806,1264084.301,300000000,1196.386,trunk
mre2,mgs2,1259810.806,1264084.301,300000000,1196.386,trunk
mr1,mre3,1262324.801,1273712.062,150000000,0.076,low_ul
mre3,mr1,1262324.801,1273712.062,10000000,0.076,low_dl
mgs2,mre2,1266519.430,1266883.140,300000000,1196.350,trunk
mre2,mgs2,1266519.430,1266883.140,300000000,1196.350,trunk
mr2,mre2,1268933.980,1269469.410,150000000,0.053,low_ul
mre2,mr2,1268933.980,1269469.410,10000000,0.053,low_dl
mr1,mre1,1271056.445,1271774.725,150000000,0.054,low_ul
mre1,mr1,1271056.445,1271774.725,10000000,0.054,low_dl
mr2,mre3,1271568.334,1283405.656,150000000,0.076,low_ul
mre3,mr2,1271568.334,1283405.656,10000000,0.076,low_dl
mr2,mre1,1288050.684,1288782.958,150000000,0.054,low_ul
mre1,mr2,1288050.684,1288782.958,10000000,0.054,low_dl
mgs1,mre1,1289561.661,1333477.062,300000000,1196.214,trunk
mre1,mgs1,1289561.661,1333477.062,300000000,1196.214,high_dl
mgs1,mre2,1289561.865,1290916.709,300000000,1196.202,trunk
mre2,mgs1,1289561.865,1290916.709,300000000,1196.202,high_dl
mgs1,mre3,1289561.897,1333476.542,300000000,1196.228,trunk
mre3,mgs1,1289561.897,1333476.542,300000000,1196.228,high_dl
mgs1,mre2,1293353.906,1297624.827,300000000,1196.187,trunk
mre2,mgs1,1293353.906,1297624.827,300000000,1196.187,high_dl
mr1,mre2,1295765.514,1296270.106,150000000,0.053,low_ul
mre2,mr1,1295765.514,1296270.106,10000000,0.053,low_dl
mr1,mre3,1298523.845,1310325.325,150000000,0.076,low_ul
mre3,mr1,1298523.845,1310325.325,10000000,0.076,low_dl
mgs1,mre2,1300062.534,1304332.948,300000000,1196.140,trunk
mre2,mgs1,1300062.534,1304332.948,300000000,1196.140,high_dl
mgs1,mre2,1306771.159,1311041.068,300000000,1196.095,trunk
mre2,mgs1,1306771.159,1311041.068,300000000,1196.095,high_dl
mr1,mre1,1309481.728,1309800.587,150000000,0.054,low_ul
mre1,mr1,1309481.728,1309800.587,10000000,0.054,low_dl
mr2,mre3,1310127.639,1321367.289,150000000,0.076,low_ul
mre3,mr2,1310127.639,1321367.289,10000000,0.076,low_dl
mr2,mre2,1311940.050,1312359.583,150000000,0.053,low_ul
mre2,mr2,1311940.050,1312359.583,10000000,0.053,low_dl
mgs1,mre2,1313479.783,1317749.189,300000000,1196.054,trunk
mre2,mgs1,1313479.783,1317749.189,300000000,1196.054,high_dl
mr1,mre1,1316565.876,1317192.767,150000000,0.054,low_ul
mre1,mr1,1316565.876,1317192.767,10000000,0.054,low_dl
mgs1,mre2,1320188.406,1324457.308,300000000,1196.017,trunk
mre2,mgs1,1320188.406,1324457.308,300000000,1196.017,high_dl
mgs1,mre2,1326897.026,1331165.427,300000000,1195.983,trunk
mre2,mgs1,1326897.026,1331165.427,300000000,1195.983,high_dl
mgs2,mre3,1327560.612,1353288.510,300000000,1195.958,trunk
mre3,mgs2,1327560.612,1353288.510,300000000,1195.958,high_dl
mgs2,mre2,1327561.088,1331165.441,300000000,1195.980,trunk
mre2,mgs2,1327561.088,1331165.441,300000000,1195.980,trunk
mgs2,mre1,1327561.161,1353288.044,300000000,1195.978,trunk
mre1,mgs2,1327561.161,1353288.044,300000000,1195.978,high_dl
mgs2,mre2,1333605.676,1337873.567,300000000,1195.946,trunk
mre2,mgs2,1333605.676,1337873.567,300000000,1195.946,trunk
mr2,mre1,1334974.235,1335701.476,150000000,0.054,low_ul
mre1,mr2,1334974.235,1335701.476,10000000,0.054,low_dl
mr1,mre3,1337320.096,1348575.172,150000000,0.076,low_ul
mre3,mr1,1337320.096,1348575.172,10000000,0.076,low_dl
mr1,mre2,1338718.323,1339238.719,150000000,0.053,low_ul
mre2,mr1,1338718.323,1339238.719,10000000,0.053,low_dl
mgs2,mre2,1340314.299,1344581.692,300000000,1195.904,trunk
mre2,mgs2,1340314.299,1344581.692,300000000,1195.904,trunk
mgs2,mre2,1347022.921,1351289.817,300000000,1195.866,trunk
mre2,mgs2,1347022.921,1351289.817,300000000,1195.866,trunk
mr2,mre3,1347194.192,1359126.742,150000000,0.076,low_ul
mre3,mr2,1347194.192,1359126.742,10000000,0.076,low_dl
mr2,mre2,1356194.258,1356667.542,150000000,0.053,low_ul
mre2,mr2,1356194.258,1356667.542,10000000,0.053,low_dl
mr1,mre1,1356470.791,1356706.321,150000000,0.054,low_ul
mre1,mr1,1356470.791,1356706.321,10000000,0.054,low_dl
mr1,mre1,1363477.940,1364121.978,150000000,0.054,low_ul
mre1,mr1,1363477.940,1364121.978,10000000,0.054,low_dl
mr2,mre1,1373349.104,1373763.085,150000000,0.054,low_ul
mre1,mr2,1373349.104,1373763.085,10000000,0.054,low_dl
mr1,mre3,1374126.539,1386085.534,150000000,0.076,low_ul
mre3,mr1,1374126.539,1386085.534,10000000,0.076,low_dl
mgs1,mre1,1375942.942,1419818.557,300000000,1195.692,trunk
mre1,mgs1,1375942.942,1419818.557,300000000,1195.692,high_dl
mgs1,mre2,1375942.971,1378122.287,300000000,1195.681,trunk
mre2,mgs1,1375942.971,1378122.287,300000000,1195.681,high_dl
mgs1,mre3,1375943.343,1419818.547,300000000,1195.672,trunk
mre3,mgs1,1375943.343,1419818.547,300000000,1195.672,high_dl
mr2,mre1,1380495.660,1381083.153,150000000,0.054,low_ul
mre1,mr2,1380495.660,1381083.153,10000000,0.054,low_dl
mgs1,mre2,1380566.004,1384830.420,300000000,1195.663,trunk
mre2,mgs1,1380566.004,1384830.420,300000000,1195.663,high_dl
mr1,mre2,1382973.323,1383513.130,150000000,0.053,low_ul
mre2,mr1,1382973.323,1383513.130,10000000,0.053,low_dl
mr2,mre3,1384154.690,1395381.672,150000000,0.076,low_ul
mre3,mr2,1384154.690,1395381.672,10000000,0.076,low_dl
mgs1,mre2,1387274.627,1391538.556,300000000,1195.615,trunk
mre2,mgs1,1387274.627,1391538.556,300000000,1195.615,high_dl
mgs1,mre2,1393983.249,1398246.691,300000000,1195.570,trunk
mre2,mgs1,1393983.249,1398246.691,300000000,1195.570,high_dl
mr2,mre2,1399338.815,1399402.612,150000000,0.053,low_ul
mre2,mr2,1399338.815,1399402.612,10000000,0.053,low_dl
mgs1,mre2,1400691.870,1404954.826,300000000,1195.529,trunk
mre2,mgs1,1400691.870,1404954.826,300000000,1195.529,high_dl
mr1,mre1,1401675.164,1402406.493,150000000,0.054,low_ul
mre1,mr1,1401675.164,1402406.493,10000000,0.054,low_dl
mr2,mre2,1405876.804,1406170.877,150000000,0.053,low_ul
mre2,mr2,1405876.804,1406170.877,10000000,0.053,low_dl
mgs1,mre2,1407400.488,1411662.961,300000000,1195.492,trunk
mre2,mgs1,1407400.488,1411662.961,300000000,1195.492,high_dl
mr1,mre3,1411237.910,1422478.703,150000000,0.076,low_ul
mre3,mr1,1411237.910,1422478.703,10000000,0.076,low_dl
mgs2,mre3,1413877.889,1439693.790,300000000,1195.473,trunk
mre3,mgs2,1413877.889,1439693.790,300000000,1195.473,high_dl
mgs2,mre1,1413878.297,1439693.847,300000000,1195.458,trunk
mre1,mgs2,1413878.297,1439693.847,300000000,1195.458,high_dl
mgs1,mre2,1414109.105,1418371.094,300000000,1195.458,trunk
mre2,mgs1,1414109.105,1418371.094,300000000,1195.458,high_dl
mgs2,mre2,1414109.130,1418371.110,300000000,1195.465,trunk
mre2,mgs2,1414109.130,1418371.110,300000000,1195.465,trunk
mr2,mre1,1420333.351,1420684.906,150000000,0.054,low_ul
mre1,mr2,1420333.351,1420684.906,10000000,0.054,low_dl
mgs2,mre2,1420817.752,1425079.250,300000000,1195.419,trunk
mre2,mgs2,1420817.752,1425079.250,300000000,1195.419,trunk
mr2,mre3,1423124.134,1434750.401,150000000,0.076,low_ul
mre3,mr2,1423124.134,1434750.401,10000000,0.076,low_dl
mr1,mre2,1425976.283,1426429.463,150000000,0.053,low_ul
mre2,mr1,1425976.283,1426429.463,10000000,0.053,low_dl
mr2,mre1,1427418.589,1428030.815,150000000,0.054,low_ul
mre1,mr2,1427418.589,1428030.815,10000000,0.054,low_dl
mgs2,mre2,1427526.371,1431787.390,300000000,1195.377,trunk
mre2,mgs2,1427526.371,1431787.390,300000000,1195.377,trunk
mgs2,mre2,1434234.989,1438495.529,300000000,1195.338,trunk
mre2,mgs2,1434234.989,1438495.529,300000000,1195.338,trunk
mr2,mre2,1443521.690,1443805.628,150000000,0.053,low_ul
mre2,mr2,1443521.690,1443805.628,10000000,0.053,low_dl
mr1,mre1,1448587.837,1449314.369,150000000,0.054,low_ul
mre1,mr1,1448587.837,1449314.369,10000000,0.054,low_dl
mr1,mre3,1449998.136,1461691.044,150000000,0.076,low_ul
mre3,mr1,1449998.136,1461691.044,10000000,0.076,low_dl
mr2,mre2,1450209.679,1450419.697,150000000,0.053,low_ul
mre2,mr2,1450209.679,1450419.697,10000000,0.053,low_dl
mr2,mre3,1459521.775,1471058.567,150000000,0.076,low_ul
mre3,mr2,1459521.775,1471058.567,10000000,0.076,low_dl
mgs1,mre3,1462324.443,1506159.365,300000000,1195.152,trunk
mre3,mgs1,1462324.443,1506159.365,300000000,1195.152,high_dl
mgs1,mre2,1462324.460,1465328.060,300000000,1195.159,trunk
mre2,mgs1,1462324.460,1465328.060,300000000,1195.159,high_dl
mgs1,mre1,1462324.660,1506159.065,300000000,1195.163,trunk
mre1,mgs1,1462324.660,1506159.065,300000000,1195.163,high_dl
mr2,mre1,1465584.896,1466321.231,150000000,0.054,low_ul
mre1,mr2,1465584.896,1466321.231,10000000,0.054,low_dl
mgs1,mre2,1467778.055,1472036.208,300000000,1195.131,trunk
mre2,mgs1,1467778.055,1472036.208,300000000,1195.131,high_dl
mr1,mre2,1470223.318,1470720.056,150000000,0.053,low_ul
mre2,mr1,1470223.318,1470720.056,10000000,0.053,low_dl
mgs1,mre2,1474486.675,1478744.358,300000000,1195.083,trunk
mre2,mgs1,1474486.675,1478744.358,300000000,1195.083,high_dl
mgs1,mre2,1481195.294,1485452.508,300000000,1195.038,trunk
mre2,mgs1,1481195.294,1485452.508,300000000,1195.038,high_dl
mr1,mre3,1486476.589,1497972.199,150000000,0.076,low_ul
mre3,mr1,1486476.589,1497972.199,10000000,0.076,low_dl
mr1,mre1,1486985.468,1487373.513,150000000,0.054,low_ul
mre1,mr1,1486985.468,1487373.513,10000000,0.054,low_dl
mgs1,mre2,1487903.910,1492160.657,300000000,1194.997,trunk
mre2,mgs1,1487903.910,1492160.657,300000000,1194.997,high_dl
mr2,mre2,1493021.997,1493490.064,150000000,0.053,low_ul
mre2,mr2,1493021.997,1493490.064,10000000,0.053,low_dl
mr1,mre1,1494113.266,1494715.056,150000000,0.054,low_ul
mre1,mr1,1494113.266,1494715.056,10000000,0.054,low_dl
mgs1,mre2,1494612.525,1498868.806,300000000,1194.959,trunk
mre2,mgs1,1494612.525,1498868.806,300000000,1194.959,high_dl
mr2,mre3,1498998.498,1510270.260,150000000,0.076,low_ul
mre3,mr2,1498998.498,1510270.260,10000000,0.076,low_dl
mgs2,mre1,1500194.054,1526100.737,300000000,1194.933,trunk
mre1,mgs2,1500194.054,1526100.737,300000000,1194.933,high_dl
mgs2,mre3,1500194.659,1526100.544,300000000,1194.955,trunk
mre3,mgs2,1500194.659,1526100.544,300000000,1194.955,high_dl
mgs1,mre2,1501321.138,1505576.953,300000000,1194.925,trunk
mre2,mgs1,1501321.138,1505576.953,300000000,1194.925,high_dl
mgs2,mre2,1501321.164,1505576.971,300000000,1194.930,trunk
mre2,mgs2,1501321.164,1505576.971,300000000,1194.930,trunk
mgs2,mre2,1508029.781,1512285.125,300000000,1194.884,trunk
mre2,mgs2,1508029.781,1512285.125,300000000,1194.884,trunk
mr2,mre1,1512507.048,1513239.974,150000000,0.054,low_ul
mre1,mr2,1512507.048,1513239.974,10000000,0.054,low_dl
mr1,mre2,1513307.998,1513541.028,150000000,0.053,low_ul
mre2,mr1,1513307.998,1513541.028,10000000,0.053,low_dl
mgs2,mre2,1514738.397,1518993.279,300000000,1194.842,trunk
mre2,mgs2,1514738.397,1518993.279,300000000,1194.842,trunk
mr1,mre2,1519969.421,1520178.642,150000000,0.053,low_ul
mre2,mr1,1519969.421,1520178.642,10000000,0.053,low_dl
mgs2,mre2,1521447.012,1525701.433,300000000,1194.803,trunk
mre2,mgs2,1521447.012,1525701.433,300000000,1194.803,trunk
mr1,mre3,1525941.301,1537272.608,150000000,0.076,low_ul
mre3,mr1,1525941.301,1537272.608,10000000,0.076,low_dl
mr1,mre1,1533958.376,1534286.999,150000000,0.054,low_ul
mre1,mr1,1533958.376,1534286.999,10000000,0.054,low_dl
mr2,mre3,1535163.977,1547050.617,150000000,0.076,low_ul
mre3,mr2,1535163.977,1547050.617,10000000,0.076,low_dl
mr2,mre2,1537308.550,1537763.325,150000000,0.053,low_ul
mre2,mr2,1537308.550,1537763.325,10000000,0.053,low_dl
mr1,mre1,1541026.393,1541648.036,150000000,0.054,low_ul
mre1,mr1,1541026.393,1541648.036,10000000,0.054,low_dl
mgs1,mre3,1548706.164,1592498.512,300000000,1194.656,trunk
mre3,mgs1,1548706.164,1592498.512,300000000,1194.656,high_dl
mgs1,mre2,1548706.345,1552534.022,300000000,1194.633,trunk
mre2,mgs1,1548706.345,1552534.022,300000000,1194.633,high_dl
mgs1,mre1,1548706.624,1592498.664,300000000,1194.630,trunk
mre1,mgs1,1548706.624,1592498.664,300000000,1194.630,high_dl
mr2,mre1,1550861.977,1551326.455,150000000,0.054,low_ul
mre1,mr2,1550861.977,1551326.455,10000000,0.054,low_dl
mgs1,mre2,1554990.061,1559242.184,300000000,1194.591,trunk
mre2,mgs1,1554990.061,1559242.184,300000000,1194.591,high_dl
mr1,mre2,1557529.420,1557877.703,150000000,0.053,low_ul
mre2,mr1,1557529.420,1557877.703,10000000,0.053,low_dl
mr2,mre1,1558045.630,1558602.546,150000000,0.054,low_ul
mre1,mr2,1558045.630,1558602.546,10000000,0.054,low_dl
mgs1,mre2,1561698.677,1565950.348,300000000,1194.543,trunk
mre2,mgs1,1561698.677,1565950.348,300000000,1194.543,high_dl
mr1,mre3,1562121.227,1573978.995,150000000,0.076,low_ul
mre3,mr1,1562121.227,1573978.995,10000000,0.076,low_dl
mgs1,mre2,1568407.292,1572658.512,300000000,1194.498,trunk
mre2,mgs1,1568407.292,1572658.512,300000000,1194.498,high_dl
mr2,mre3,1573368.213,1584618.325,150000000,0.076,low_ul
mre3,mr2,1573368.213,1584618.325,10000000,0.076,low_dl
mgs1,mre2,1575115.905,1579366.676,300000000,1194.457,trunk
mre2,mgs1,1575115.905,1579366.676,300000000,1194.457,high_dl
mr1,mre1,1579208.989,1579945.243,150000000,0.054,low_ul
mre1,mr1,1579208.989,1579945.243,10000000,0.054,low_dl
mr2,mre2,1580224.085,1580745.414,150000000,0.053,low_ul
mre2,mr2,1580224.085,1580745.414,10000000,0.053,low_dl
mgs1,mre2,1581824.516,1586074.838,300000000,1194.419,trunk
mre2,mgs1,1581824.516,1586074.838,300000000,1194.419,high_dl
mgs2,mre1,1586508.630,1612508.453,300000000,1194.401,trunk
mre1,mgs2,1586508.630,1612508.453,300000000,1194.401,high_dl
mgs2,mre3,1586509.170,1612508.568,300000000,1194.382,trunk
mre3,mgs2,1586509.170,1612508.568,300000000,1194.382,high_dl
mgs1,mre2,1588533.125,1592498.699,300000000,1194.384,trunk
mre2,mgs1,1588533.125,1592498.699,300000000,1194.384,high_dl
mgs2,mre2,1588533.152,1592783.018,300000000,1194.387,trunk
mre2,mgs2,1588533.152,1592783.018,300000000,1194.387,trunk
mgs2,mre2,1595241.765,1599491.186,300000000,1194.342,trunk
mre2,mgs2,1595241.765,1599491.186,300000000,1194.342,trunk
mr2,mre1,1597836.181,1598250.566,150000000,0.054,low_ul
mre1,mr2,1597836.181,1598250.566,10000000,0.054,low_dl
mr1,mre3,1600591.586,1611864.928,150000000,0.076,low_ul
mre3,mr1,1600591.586,1611864.928,10000000,0.076,low_dl
mgs2,mre2,1601950.378,1606199.354,300000000,1194.299,trunk
mre2,mgs2,1601950.378,1606199.354,300000000,1194.299,trunk
mr2,mre1,1604969.381,1605554.947,150000000,0.054,low_ul
mre1,mr2,1604969.381,1605554.947,10000000,0.054,low_dl
mr1,mre2,1607085.626,1607528.509,150000000,0.053,low_ul
mre2,mr1,1607085.626,1607528.509,10000000,0.053,low_dl
mgs2,mre2,1608658.988,1612508.450,300000000,1194.260,trunk
mre2,mgs2,1608658.988,1612508.450,300000000,1194.260,trunk
mr2,mre3,1610821.971,1622720.653,150000000,0.076,low_ul
mre3,mr2,1610821.971,1622720.653,10000000,0.076,low_dl
mr2,mre2,1624494.114,1625025.784,150000000,0.053,low_ul
mre2,mr2,1624494.114,1625025.784,10000000,0.053,low_dl
mr1,mre1,1626120.301,1626853.147,150000000,0.054,low_ul
mre1,mr1,1626120.301,1626853.147,10000000,0.054,low_dl
mgs1,mre1,1635088.726,1678837.499,300000000,1194.093,trunk
mre1,mgs1,1635088.726,1678837.499,300000000,1194.093,high_dl
mgs1,mre3,1635088.835,1678837.344,300000000,1194.102,trunk
mre3,mgs1,1635088.835,1678837.344,300000000,1194.102,high_dl
mgs1,mre2,1635493.407,1639740.167,300000000,1194.094,trunk
mre2,mgs1,1635493.407,1639740.167,300000000,1194.094,high_dl
mr1,mre3,1637742.331,1649679.321,150000000,0.076,low_ul
mre3,mr1,1637742.331,1649679.321,10000000,0.076,low_dl
mgs1,mre2,1642202.021,1646448.344,300000000,1194.044,trunk
mre2,mgs1,1642202.021,1646448.344,300000000,1194.044,high_dl
mr2,mre1,1643119.907,1643858.479,150000000,0.054,low_ul
mre1,mr2,1643119.907,1643858.479,10000000,0.054,low_dl
mr2,mre3,1647637.860,1658897.462,150000000,0.076,low_ul
mre3,mr2,1647637.860,1658897.462,10000000,0.076,low_dl
mgs1,mre2,1648910.633,1653156.522,300000000,1193.995,trunk
mre2,mgs1,1648910.633,1653156.522,300000000,1193.995,high_dl
mr1,mre2,1651366.823,1651790.144,150000000,0.053,low_ul
mre2,mr1,1651366.823,1651790.144,10000000,0.053,low_dl
mgs1,mre2,1655619.244,1659864.699,300000000,1193.950,trunk
mre2,mgs1,1655619.244,1659864.699,300000000,1193.950,high_dl
mgs1,mre2,1662327.853,1666572.876,300000000,1193.909,trunk
mre2,mgs1,1662327.853,1666572.876,300000000,1193.909,high_dl
mr1,mre1,1664496.018,1664939.298,150000000,0.054,low_ul
mre1,mr1,1664496.018,1664939.298,10000000,0.054,low_dl
mr2,mre2,1667463.297,1667957.448,150000000,0.053,low_ul
mre2,mr2,1667463.297,1667957.448,10000000,0.053,low_dl
mgs1,mre2,1669036.461,1673281.052,300000000,1193.871,trunk
mre2,mgs1,1669036.461,1673281.052,300000000,1193.871,high_dl
mr1,mre1,1671662.369,1672235.435,150000000,0.054,low_ul
mre1,mr1,1671662.369,1672235.435,10000000,0.054,low_dl
mgs2,mre3,1672821.676,1698916.639,300000000,1193.835,trunk
mre3,mgs2,1672821.676,1698916.639,300000000,1193.835,high_dl
mgs2,mre2,1672821.976,1673281.065,300000000,1193.854,trunk
mre2,mgs2,1672821.976,1673281.065,300000000,1193.854,trunk
mgs2,mre1,1672822.073,1698916.733,300000000,1193.858,trunk
mre1,mgs2,1672822.073,1698916.733,300000000,1193.858,high_dl
mr1,mre3,1674682.493,1685938.753,150000000,0.076,low_ul
mre3,mr1,1674682.493,1685938.753,10000000,0.076,low_dl
mgs1,mre2,1675745.067,1678837.580,300000000,1193.836,trunk
mre2,mgs1,1675745.067,1678837.580,300000000,1193.836,high_dl
mgs2,mre2,1675745.094,1679989.246,300000000,1193.838,trunk
mre2,mgs2,1675745.094,1679989.246,300000000,1193.838,trunk
mgs2,mre2,1682453.704,1686697.428,300000000,1193.792,trunk
mre2,mgs2,1682453.704,1686697.428,300000000,1193.792,trunk
mr2,mre3,1686802.559,1698359.192,150000000,0.076,low_ul
mre3,mr2,1686802.559,1698359.192,10000000,0.076,low_dl
mgs2,mre2,1689162.312,1693405.609,300000000,1193.749,trunk
mre2,mgs2,1689162.312,1693405.609,300000000,1193.749,trunk
mr2,mre1,1690040.901,1690777.647,150000000,0.054,low_ul
mre1,mr2,1690040.901,1690777.647,10000000,0.054,low_dl
mr1,mre2,1694277.684,1694795.437,150000000,0.053,low_ul
mre2,mr1,1694277.684,1694795.437,10000000,0.053,low_dl
mgs2,mre2,1695870.919,1698916.655,300000000,1193.710,trunk
mre2,mgs2,1695870.919,1698916.655,300000000,1193.710,trunk
mr1,mre1,1711458.604,1711855.236,150000000,0.054,low_ul
mre1,mr1,1711458.604,1711855.236,10000000,0.054,low_dl
mr2,mre2,1711724.148,1712249.688,150000000,0.053,low_ul
mre2,mr2,1711724.148,1712249.688,10000000,0.053,low_dl
mr1,mre3,1713674.310,1725299.297,150000000,0.076,low_ul
mre3,mr1,1713674.310,1725299.297,10000000,0.076,low_dl
mr1,mre1,1718576.570,1719172.645,150000000,0.054,low_ul
mre1,mr1,1718576.570,1719172.645,10000000,0.054,low_dl
mgs1,mre1,1721471.024,1765175.645,300000000,1193.548,trunk
mre1,mgs1,1721471.024,1765175.645,300000000,1193.548,high_dl
mgs1,mre3,1721471.349,1765176.051,300000000,1193.520,trunk
mre3,mgs1,1721471.349,1765176.051,300000000,1193.520,high_dl
mgs1,mre2,1722705.325,1726946.491,300000000,1193.540,trunk
mre2,mgs1,1722705.325,1726946.491,300000000,1193.540,high_dl
mr2,mre3,1723129.897,1734736.385,150000000,0.076,low_ul
mre3,mr2,1723129.897,1734736.385,10000000,0.076,low_dl
mr2,mre1,1728378.614,1728885.743,150000000,0.054,low_ul
mre1,mr2,1728378.614,1728885.743,10000000,0.054,low_dl
mgs1,mre2,1729413.935,1733654.681,300000000,1193.489,trunk
mre2,mgs1,1729413.935,1733654.681,300000000,1193.489,high_dl
mr2,mre1,1735597.800,1736119.540,150000000,0.054,low_ul
mre1,mr2,1735597.800,1736119.540,10000000,0.054,low_dl
mgs1,mre2,1736122.544,1740362.872,300000000,1193.441,trunk
mre2,mgs1,1736122.544,1740362.872,300000000,1193.441,high_dl
mr1,mre2,1738539.981,1739063.880,150000000,0.053,low_ul
mre2,mr1,1738539.981,1739063.880,10000000,0.053,low_dl
mgs1,mre2,1742831.151,1747071.062,300000000,1193.395,trunk
mre2,mgs1,1742831.151,1747071.062,300000000,1193.395,high_dl
mgs1,mre2,1749539.756,1753779.252,300000000,1193.354,trunk
mre2,mgs1,1749539.756,1753779.252,300000000,1193.354,high_dl
mr1,mre3,1750080.493,1761643.933,150000000,0.076,low_ul
mre3,mr1,1750080.493,1761643.933,10000000,0.076,low_dl
mr2,mre2,1754750.510,1755115.803,150000000,0.053,low_ul
mre2,mr2,1754750.510,1755115.803,10000000,0.053,low_dl
mgs1,mre2,1756248.360,1760487.441,300000000,1193.316,trunk
mre2,mgs1,1756248.360,1760487.441,300000000,1193.316,high_dl
mr1,mre1,1756743.620,1757482.961,150000000,0.054,low_ul
mre1,mr1,1756743.620,1757482.961,10000000,0.054,low_dl
mgs2,mre3,1759133.886,1785325.189,300000000,1193.322,trunk
mre3,mgs2,1759133.886,1785325.189,300000000,1193.322,high_dl
mgs2,mre2,1759133.933,1760487.456,300000000,1193.296,trunk
mre2,mgs2,1759133.933,1760487.456,300000000,1193.296,trunk
mgs2,mre1,1759134.253,1785325.545,300000000,1193.304,trunk
mre1,mgs2,1759134.253,1785325.545,300000000,1193.304,high_dl
mr2,mre3,1762531.841,1773766.370,150000000,0.076,low_ul
mre3,mr2,1762531.841,1773766.370,10000000,0.076,low_dl
mgs1,mre2,1762956.962,1765175.674,300000000,1193.281,trunk
mre2,mgs1,1762956.962,1765175.674,300000000,1193.281,high_dl
mgs2,mre2,1762956.990,1767195.650,300000000,1193.280,trunk
mre2,mgs2,1762956.990,1767195.650,300000000,1193.280,trunk
mgs2,mre2,1769665.596,1773903.845,300000000,1193.234,trunk
mre2,mgs2,1769665.596,1773903.845,300000000,1193.234,trunk
mr2,mre1,1775344.948,1775810.492,150000000,0.054,low_ul
mre1,mr2,1775344.948,1775810.492,10000000,0.054,low_dl
mgs2,mre2,1776374.201,1780612.039,300000000,1193.192,trunk
mre2,mgs2,1776374.201,1780612.039,300000000,1193.192,trunk
mr1,mre2,1781508.096,1782017.746,150000000,0.053,low_ul
mre2,mr1,1781508.096,1782017.746,10000000,0.053,low_dl
mr2,mre1,1782522.219,1783077.323,150000000,0.054,low_ul
mre1,mr2,1782522.219,1783077.323,10000000,0.054,low_dl
mgs2,mre2,1783082.804,1785325.540,300000000,1193.152,trunk
mre2,mgs2,1783082.804,1785325.540,300000000,1193.152,trunk
mr1,mre3,1789516.680,1800802.080,150000000,0.076,low_ul
mre3,mr1,1789516.680,1800802.080,10000000,0.076,low_dl
mr2,mre3,1798757.847,1810682.173,150000000,0.076,low_ul
mre3,mr2,1798757.847,1810682.173,10000000,0.076,low_dl
mr2,mre2,1798999.679,1799434.623,150000000,0.053,low_ul
mre2,mr2,1798999.679,1799434.623,10000000,0.053,low_dl
mr1,mre1,1803653.811,1804391.089,150000000,0.054,low_ul
mre1,mr1,1803653.811,1804391.089,10000000,0.054,low_dl
mgs1,mre3,1807853.582,1851513.233,300000000,1192.986,trunk
mre3,mgs1,1807853.582,1851513.233,300000000,1192.986,high_dl
mgs1,mre1,1807853.669,1851513.032,300000000,1192.993,trunk
mre1,mgs1,1807853.669,1851513.032,300000000,1192.993,high_dl
mgs1,mre2,1809917.196,1814152.988,300000000,1192.978,trunk
mre2,mgs1,1809917.196,1814152.988,300000000,1192.978,high_dl
mgs1,mre2,1816625.803,1820861.191,300000000,1192.927,trunk
mre2,mgs1,1816625.803,1820861.191,300000000,1192.927,high_dl
mr2,mre1,1820655.709,1821394.711,150000000,0.054,low_ul
mre1,mr2,1820655.709,1821394.711,10000000,0.054,low_dl
mgs1,mre2,1823334.408,1827569.394,300000000,1192.879,trunk
mre2,mgs1,1823334.408,1827569.394,300000000,1192.879,high_dl
mr1,mre3,1825714.811,1837619.717,150000000,0.076,low_ul
mre3,mr1,1825714.811,1837619.717,10000000,0.076,low_dl
mr1,mre2,1825760.656,1826295.818,150000000,0.053,low_ul
mre2,mr1,1825760.656,1826295.818,10000000,0.053,low_dl
mgs1,mre2,1830043.011,1834277.597,300000000,1192.833,trunk
mre2,mgs1,1830043.011,1834277.597,300000000,1192.833,high_dl
mr2,mre3,1836611.584,1847855.584,150000000,0.076,low_ul
mre3,mr2,1836611.584,1847855.584,10000000,0.076,low_dl
mgs1,mre2,1836751.613,1840985.800,300000000,1192.792,trunk
mre2,mgs1,1836751.613,1840985.800,300000000,1192.792,high_dl
mr1,mre1,1842010.990,1842500.341,150000000,0.054,low_ul
mre1,mr1,1842010.990,1842500.341,10000000,0.054,low_dl
mgs1,mre2,1843460.213,1847694.001,300000000,1192.754,trunk
mre2,mgs1,1843460.213,1847694.001,300000000,1192.754,high_dl
mgs2,mre2,1845444.695,1847694.017,300000000,1192.735,trunk
mre2,mgs2,1845444.695,1847694.017,300000000,1192.735,trunk
mgs2,mre1,1845444.990,1871735.078,300000000,1192.744,trunk
mre1,mgs2,1845444.990,1871735.078,300000000,1192.744,high_dl
mgs2,mre3,1845445.249,1871735.276,300000000,1192.762,trunk
mre3,mgs2,1845445.249,1871735.276,300000000,1192.762,high_dl
mr2,mre2,1848626.923,1848994.496,150000000,0.053,low_ul
mre2,mr2,1848626.923,1848994.496,10000000,0.053,low_dl
mr1,mre1,1849213.492,1849753.597,150000000,0.054,low_ul
mre1,mr1,1849213.492,1849753.597,10000000,0.054,low_dl
mgs1,mre2,1850168.812,1851512.963,300000000,1192.718,trunk
mre2,mgs1,1850168.812,1851512.963,300000000,1192.718,high_dl
mgs2,mre2,1850168.840,1854402.224,300000000,1192.716,trunk
mre2,mgs2,1850168.840,1854402.224,300000000,1192.716,trunk
mgs2,mre2,1856877.442,1861110.432,300000000,1192.670,trunk
mre2,mgs2,1856877.442,1861110.432,300000000,1192.670,trunk
mgs2,mre2,1863586.044,1867818.638,300000000,1192.627,trunk
mre2,mgs2,1863586.044,1867818.638,300000000,1192.627,trunk
mr1,mre3,1863834.549,1875115.682,150000000,0.076,low_ul
mre3,mr1,1863834.549,1875115.682,10000000,0.076,low_dl
mr2,mre1,1867575.775,1868314.513,150000000,0.054,low_ul
mre1,mr2,1867575.775,1868314.513,10000000,0.054,low_dl
mr1,mre2,1868780.913,1869191.956,150000000,0.053,low_ul
mre2,mr1,1868780.913,1869191.956,10000000,0.053,low_dl
mgs2,mre2,1870294.643,1871735.145,300000000,1192.588,trunk
mre2,mgs2,1870294.643,1871735.145,300000000,1192.588,trunk
mr2,mre3,1874463.136,1886315.521,150000000,0.076,low_ul
mre3,mr2,1874463.136,1886315.521,10000000,0.076,low_dl
mr2,mre2,1886378.503,1886523.664,150000000,0.053,low_ul
mre2,mr2,1886378.503,1886523.664,10000000,0.053,low_dl
mr1,mre1,1888965.694,1889416.810,150000000,0.054,low_ul
mre1,mr1,1888965.694,1889416.810,10000000,0.054,low_dl
mr2,mre2,1892937.170,1893257.965,150000000,0.053,low_ul
mre2,mr2,1892937.170,1893257.965,10000000,0.053,low_dl
mgs1,mre3,1894236.645,1937848.977,300000000,1192.454,trunk
mre3,mgs1,1894236.645,1937848.977,300000000,1192.454,high_dl
mgs1,mre1,1894236.740,1937849.505,300000000,1192.428,trunk
mre1,mgs1,1894236.740,1937849.505,300000000,1192.428,high_dl
mgs1,mre2,1894236.943,1894651.437,300000000,1192.429,trunk
mre2,mgs1,1894236.943,1894651.437,300000000,1192.429,high_dl
mr1,mre1,1896128.703,1896695.584,150000000,0.054,low_ul
mre1,mr1,1896128.703,1896695.584,10000000,0.054,low_dl
mgs1,mre2,1897129.022,1901359.652,300000000,1192.410,trunk
mre2,mgs1,1897129.022,1901359.652,300000000,1192.410,high_dl
mr1,mre3,1901370.942,1913271.510,150000000,0.076,low_ul
mre3,mr1,1901370.942,1913271.510,10000000,0.076,low_dl
mgs1,mre2,1903837.625,1908067.867,300000000,1192.359,trunk
mre2,mgs1,1903837.625,1908067.867,300000000,1192.359,high_dl
mr2,mre1,1905898.078,1906441.894,150000000,0.054,low_ul
mre1,mr2,1905898.078,1906441.894,10000000,0.054,low_dl
mgs1,mre2,1910546.226,1914776.083,300000000,1192.310,trunk
mre2,mgs1,1910546.226,1914776.083,300000000,1192.310,high_dl
mr2,mre3,1911162.963,1922469.772,150000000,0.076,low_ul
mre3,mr2,1911162.963,1922469.772,10000000,0.076,low_dl
mr1,mre2,1913024.585,1913490.788,150000000,0.053,low_ul
mre2,mr1,1913024.585,1913490.788,10000000,0.053,low_dl
mr2,mre1,1913152.695,1913633.607,150000000,0.054,low_ul
mre1,mr2,1913152.695,1913633.607,10000000,0.054,low_dl
mgs1,mre2,1917254.826,1921484.299,300000000,1192.265,trunk
mre2,mgs1,1917254.826,1921484.299,300000000,1192.265,high_dl
mgs1,mre2,1923963.424,1928192.514,300000000,1192.223,trunk
mre2,mgs1,1923963.424,1928192.514,300000000,1192.223,high_dl
mgs1,mre2,1930672.020,1934900.728,300000000,1192.185,trunk
mre2,mgs1,1930672.020,1934900.728,300000000,1192.185,high_dl
mgs2,mre2,1931754.202,1934900.744,300000000,1192.175,trunk
mre2,mgs2,1931754.202,1934900.744,300000000,1192.175,trunk
mgs2,mre3,1931754.219,1958146.091,300000000,1192.161,trunk
mre3,mgs2,1931754.219,1958146.091,300000000,1192.161,high_dl
mgs2,mre1,1931754.227,1958145.509,300000000,1192.179,trunk
mre1,mgs2,1931754.227,1958145.509,300000000,1192.179,high_dl
mr1,mre1,1934279.047,1935019.659,150000000,0.054,low_ul
mre1,mr1,1934279.047,1935019.659,10000000,0.054,low_dl
mr2,mre2,1935795.103,1936288.500,150000000,0.053,low_ul
mre2,mr2,1935795.103,1936288.500,10000000,0.053,low_dl
mgs1,mre2,1937380.616,1937849.398,300000000,1192.149,trunk
mre2,mgs1,1937380.616,1937849.398,300000000,1192.149,high_dl
mgs2,mre2,1937380.644,1941608.964,300000000,1192.145,trunk
mre2,mgs2,1937380.644,1941608.964,300000000,1192.145,trunk
mr1,mre3,1938176.059,1949465.594,150000000,0.076,low_ul
mre3,mr1,1938176.059,1949465.594,10000000,0.076,low_dl
mgs2,mre2,1944089.243,1948317.184,300000000,1192.099,trunk
mre2,mgs2,1944089.243,1948317.184,300000000,1192.099,trunk
mr2,mre3,1950476.548,1961963.886,150000000,0.076,low_ul
mre3,mr2,1950476.548,1961963.886,10000000,0.076,low_dl
mgs2,mre2,1950797.840,1955025.403,300000000,1192.056,trunk
mre2,mgs2,1950797.840,1955025.403,300000000,1192.056,trunk
mr2,mre1,1952857.859,1953366.476,150000000,0.054,low_ul
mre1,mr2,1952857.859,1953366.476,10000000,0.054,low_dl
mgs2,mre2,1957506.436,1958145.504,300000000,1192.016,trunk
mre2,mgs2,1957506.436,1958145.504,300000000,1192.016,trunk
mr2,mre1,1960077.453,1960597.601,150000000,0.054,low_ul
mre1,mr2,1960077.453,1960597.601,10000000,0.054,low_dl
mr1,mre2,1962704.262,1963018.070,150000000,0.053,low_ul
mre2,mr1,1962704.262,1963018.070,10000000,0.053,low_dl
mr1,mre3,1977350.885,1988907.289,150000000,0.076,low_ul
mre3,mr1,1977350.885,1988907.289,10000000,0.076,low_dl
mr2,mre2,1980075.367,1980563.911,150000000,0.053,low_ul
mre2,mr2,1980075.367,1980563.911,10000000,0.053,low_dl
mgs1,mre2,1980620.109,1981858.252,300000000,1191.852,trunk
mre2,mgs1,1980620.109,1981858.252,300000000,1191.852,high_dl
mgs1,mre1,1980620.143,2024184.962,300000000,1191.857,trunk
mre1,mgs1,1980620.143,2024184.962,300000000,1191.857,high_dl
mgs1,mre3,1980620.376,2024184.648,300000000,1191.859,trunk
mre3,mgs1,1980620.376,2024184.648,300000000,1191.859,high_dl
mr1,mre1,1981188.347,1981928.217,150000000,0.054,low_ul
mre1,mr1,1981188.347,1981928.217,10000000,0.054,low_dl
mgs1,mre2,1984340.802,1988566.479,300000000,1191.835,trunk
mre2,mgs1,1984340.802,1988566.479,300000000,1191.835,high_dl
mr2,mre3,1986738.890,1998414.299,150000000,0.076,low_ul
mre3,mr2,1986738.890,1998414.299,10000000,0.076,low_dl
mgs1,mre2,1991049.401,1995274.707,300000000,1191.783,trunk
mre2,mgs1,1991049.401,1995274.707,300000000,1191.783,high_dl
mgs1,mre2,1997757.999,2001982.935,300000000,1191.734,trunk
mre2,mgs1,1997757.999,2001982.935,300000000,1191.734,high_dl
mr2,mre1,1998192.305,1998929.929,150000000,0.054,low_ul
mre1,mr2,1998192.305,1998929.929,10000000,0.054,low_dl
mr1,mre2,2000361.054,2000620.319,150000000,0.053,low_ul
mre2,mr1,2000361.054,2000620.319,10000000,0.053,low_dl
mgs1,mre2,2004466.594,2008691.162,300000000,1191.689,trunk
mre2,mgs1,2004466.594,2008691.162,300000000,1191.689,high_dl
mr1,mre2,2007017.179,2007263.742,150000000,0.053,low_ul
mre2,mr1,2007017.179,2007263.742,10000000,0.053,low_dl
mgs1,mre2,2011175.189,2015399.389,300000000,1191.648,trunk
mre2,mgs1,2011175.189,2015399.389,300000000,1191.648,high_dl
mr1,mre3,2013688.701,2025320.730,150000000,0.076,low_ul
mre3,mr1,2013688.701,2025320.730,10000000,0.076,low_dl
mgs1,mre2,2017883.781,2022107.615,300000000,1191.609,trunk
mre2,mgs1,2017883.781,2022107.615,300000000,1191.609,high_dl
mgs2,mre3,2018061.679,2044556.674,300000000,1191.600,trunk
mre3,mgs2,2018061.679,2044556.674,300000000,1191.600,high_dl
mgs2,mre1,2018062.088,2044556.777,300000000,1191.610,trunk
mre1,mgs2,2018062.088,2044556.777,300000000,1191.610,high_dl
mgs2,mre2,2018062.369,2022107.633,300000000,1191.614,trunk
mre2,mgs2,2018062.369,2022107.633,300000000,1191.614,trunk
mr1,mre1,2019529.171,2020057.864,150000000,0.054,low_ul
mre1,mr1,2019529.171,2020057.864,10000000,0.054,low_dl
mr2,mre2,2023008.789,2023530.311,150000000,0.053,low_ul
mre2,mr2,2023008.789,2023530.311,10000000,0.053,low_dl
mgs2,mre2,2024592.402,2028815.864,300000000,1191.568,trunk
mre2,mgs2,2024592.402,2028815.864,300000000,1191.568,trunk
mr2,mre3,2025998.804,2037213.666,150000000,0.076,low_ul
mre3,mr2,2025998.804,2037213.666,10000000,0.076,low_dl
mr1,mre1,2026767.070,2027269.106,150000000,0.054,low_ul
mre1,mr1,2026767.070,2027269.106,10000000,0.054,low_dl
mgs2,mre2,2031300.997,2035524.096,300000000,1191.521,trunk
mre2,mgs2,2031300.997,2035524.096,300000000,1191.521,trunk
mgs2,mre2,2038009.591,2042232.327,300000000,1191.478,trunk
mre2,mgs2,2038009.591,2042232.327,300000000,1191.478,trunk
mr2,mre1,2045111.664,2045850.583,150000000,0.054,low_ul
mre1,mr2,2045111.664,2045850.583,10000000,0.054,low_dl
mr1,mre2,2049855.199,2050330.959,150000000,0.053,low_ul
mre2,mr1,2049855.199,2050330.959,10000000,0.053,low_dl
mr1,mre3,2053037.241,2064291.037,150000000,0.076,low_ul
mre3,mr1,2053037.241,2064291.037,10000000,0.076,low_dl
mr2,mre3,2062353.110,2074300.863,150000000,0.076,low_ul
mre3,mr2,2062353.110,2074300.863,10000000,0.076,low_dl
mr1,mre1,2066477.385,2066973.983,150000000,0.054,low_ul
mre1,mr1,2066477.385,2066973.983,10000000,0.054,low_dl
mgs1,mre2,2067003.472,2069065.226,300000000,1191.274,trunk
mre2,mgs1,2067003.472,2069065.226,300000000,1191.274,high_dl
mgs1,mre3,2067003.639,2110519.875,300000000,1191.260,trunk
mre3,mgs1,2067003.639,2110519.875,300000000,1191.260,high_dl
mgs1,mre1,2067003.689,2110519.444,300000000,1191.282,trunk
mre1,mgs1,2067003.689,2110519.444,300000000,1191.282,high_dl
mr2,mre2,2067275.602,2067813.439,150000000,0.053,low_ul
mre2,mr2,2067275.602,2067813.439,10000000,0.053,low_dl
mgs1,mre2,2071552.535,2075773.464,300000000,1191.254,trunk
mre2,mgs1,2071552.535,2075773.464,300000000,1191.254,high_dl
mr1,mre1,2073683.105,2074216.545,150000000,0.054,low_ul
mre1,mr1,2073683.105,2074216.545,10000000,0.054,low_dl
mgs1,mre2,2078261.131,2082481.704,300000000,1191.202,trunk
mre2,mgs1,2078261.131,2082481.704,300000000,1191.202,high_dl
mr2,mre1,2083419.788,2083995.497,150000000,0.054,low_ul
mre1,mr2,2083419.788,2083995.497,10000000,0.054,low_dl
mgs1,mre2,2084969.724,2089189.944,300000000,1191.153,trunk
mre2,mgs1,2084969.724,2089189.944,300000000,1191.153,high_dl
mr1,mre3,2089307.000,2101246.957,150000000,0.076,low_ul
mre3,mr1,2089307.000,2101246.957,10000000,0.076,low_dl
mr2,mre1,2090711.141,2091143.923,150000000,0.054,low_ul
mre1,mr2,2090711.141,2091143.923,10000000,0.054,low_dl
mgs1,mre2,2091678.317,2095898.183,300000000,1191.107,trunk
mre2,mgs1,2091678.317,2095898.183,300000000,1191.107,high_dl
mr1,mre2,2094129.066,2094594.981,150000000,0.053,low_ul
mre2,mr1,2094129.066,2094594.981,10000000,0.053,low_dl
mgs1,mre2,2098386.907,2102606.421,300000000,1191.066,trunk
mre2,mgs1,2098386.907,2102606.421,300000000,1191.066,high_dl
mr2,mre3,2099892.096,2111118.953,150000000,0.076,low_ul
mre3,mr2,2099892.096,2111118.953,10000000,0.076,low_dl
mgs2,mre1,2104368.788,2130968.610,300000000,1191.036,trunk
mre1,mgs2,2104368.788,2130968.610,300000000,1191.036,high_dl
mgs2,mre3,2104369.018,2130968.012,300000000,1191.058,trunk
mre3,mgs2,2104369.018,2130968.012,300000000,1191.058,high_dl
mgs1,mre2,2105095.496,2109314.659,300000000,1191.028,trunk
mre2,mgs1,2105095.496,2109314.659,300000000,1191.028,high_dl
mgs2,mre2,2105095.521,2109314.678,300000000,1191.033,trunk
mre2,mgs2,2105095.521,2109314.678,300000000,1191.033,trunk
mr2,mre2,2110259.960,2110728.624,150000000,0.053,low_ul
mre2,mr2,2110259.960,2110728.624,10000000,0.053,low_dl
mgs2,mre2,2111804.114,2116022.921,300000000,1190.984,trunk
mre2,mgs2,2111804.114,2116022.921,300000000,1190.984,trunk
mr1,mre1,2111815.269,2112555.344,150000000,0.054,low_ul
mre1,mr1,2111815.269,2112555.344,10000000,0.054,low_dl
mgs2,mre2,2118512.705,2122731.164,300000000,1190.937,trunk
mre2,mgs2,2118512.705,2122731.164,300000000,1190.937,trunk
mgs2,mre2,2125221.295,2129439.406,300000000,1190.894,trunk
mre2,mgs2,2125221.295,2129439.406,300000000,1190.894,trunk
mr1,mre3,2127088.049,2138359.765,150000000,0.076,low_ul
mre3,mr1,2127088.049,2138359.765,10000000,0.076,low_dl
mr2,mre1,2130373.932,2130919.499,150000000,0.054,low_ul
mre1,mr2,2130373.932,2130919.499,10000000,0.054,low_dl
mr1,mre2,2137059.829,2137583.345,150000000,0.053,low_ul
mre2,mr1,2137059.829,2137583.345,10000000,0.053,low_dl
mr2,mre1,2137635.596,2138115.277,150000000,0.054,low_ul
mre1,mr2,2137635.596,2138115.277,10000000,0.054,low_dl
mr2,mre3,2138117.276,2149913.811,150000000,0.076,low_ul
mre3,mr2,2138117.276,2149913.811,10000000,0.076,low_dl
mgs1,mre3,2153386.819,2196853.369,300000000,1190.711,trunk
mre3,mgs1,2153386.819,2196853.369,300000000,1190.711,high_dl
mgs1,mre2,2153387.062,2156272.353,300000000,1190.696,trunk
mre2,mgs1,2153387.062,2156272.353,300000000,1190.696,high_dl
mgs1,mre1,2153387.264,2196853.096,300000000,1190.704,trunk
mre1,mgs1,2153387.264,2196853.096,300000000,1190.704,high_dl
mr2,mre2,2154518.303,2155026.575,150000000,0.053,low_ul
mre2,mr2,2154518.303,2155026.575,10000000,0.053,low_dl
mr1,mre1,2158723.899,2159464.543,150000000,0.054,low_ul
mre1,mr1,2158723.899,2159464.543,10000000,0.054,low_dl
mgs1,mre2,2158764.222,2162980.604,300000000,1190.666,trunk
mre2,mgs1,2158764.222,2162980.604,300000000,1190.666,high_dl
mr1,mre3,2165013.042,2176865.395,150000000,0.076,low_ul
mre3,mr1,2165013.042,2176865.395,10000000,0.076,low_dl
mgs1,mre2,2165472.814,2169688.855,300000000,1190.614,trunk
mre2,mgs1,2165472.814,2169688.855,300000000,1190.614,high_dl
mgs1,mre2,2172181.404,2176397.106,300000000,1190.565,trunk
mre2,mgs1,2172181.404,2176397.106,300000000,1190.565,high_dl
mr2,mre3,2174720.391,2186084.580,150000000,0.076,low_ul
mre3,mr2,2174720.391,2186084.580,10000000,0.076,low_dl
mr2,mre1,2175729.703,2176464.129,150000000,0.054,low_ul
mre1,mr2,2175729.703,2176464.129,10000000,0.054,low_dl
mgs1,mre2,2178889.992,2183105.356,300000000,1190.520,trunk
mre2,mgs1,2178889.992,2183105.356,300000000,1190.520,high_dl
mr1,mre2,2181318.584,2181854.042,150000000,0.053,low_ul
mre2,mr1,2181318.584,2181854.042,10000000,0.053,low_dl
mgs1,mre2,2185598.579,2189813.606,300000000,1190.478,trunk
mre2,mgs1,2185598.579,2189813.606,300000000,1190.478,high_dl
mgs2,mre1,2190674.461,2217380.768,300000000,1190.455,trunk
mre1,mgs2,2190674.461,2217380.768,300000000,1190.455,high_dl
mgs2,mre3,2190675.137,2217380.751,300000000,1190.460,trunk
mre3,mgs2,2190675.137,2217380.751,300000000,1190.460,high_dl
mgs1,mre2,2192307.165,2196521.855,300000000,1190.440,trunk
mre2,mgs1,2192307.165,2196521.855,300000000,1190.440,high_dl
mgs2,mre2,2192307.190,2196521.875,300000000,1190.444,trunk
mre2,mgs2,2192307.190,2196521.875,300000000,1190.444,trunk
mr1,mre1,2197049.843,2197612.594,150000000,0.054,low_ul
mre1,mr1,2197049.843,2197612.594,10000000,0.054,low_dl
mr2,mre2,2197572.417,2197860.083,150000000,0.053,low_ul
mre2,mr2,2197572.417,2197860.083,10000000,0.053,low_dl
mgs2,mre2,2199015.779,2203230.129,300000000,1190.394,trunk
mre2,mgs2,2199015.779,2203230.129,300000000,1190.394,trunk
mr1,mre3,2201709.153,2213045.818,150000000,0.076,low_ul
mre3,mr1,2201709.153,2213045.818,10000000,0.076,low_dl
mr2,mre2,2204309.203,2204417.870,150000000,0.053,low_ul
mre2,mr2,2204309.203,2204417.870,10000000,0.053,low_dl
mr1,mre1,2204323.766,2204781.300,150000000,0.054,low_ul
mre1,mr1,2204323.766,2204781.300,10000000,0.054,low_dl
mgs2,mre2,2205724.366,2209938.384,300000000,1190.347,trunk
mre2,mgs2,2205724.366,2209938.384,300000000,1190.347,trunk
mgs2,mre2,2212432.953,2216646.637,300000000,1190.305,trunk
mre2,mgs2,2212432.953,2216646.637,300000000,1190.305,trunk
mr2,mre3,2214138.843,2225558.875,150000000,0.076,low_ul
mre3,mr2,2214138.843,2225558.875,10000000,0.076,low_dl
mr2,mre1,2222648.567,2223385.862,150000000,0.054,low_ul
mre1,mr2,2222648.567,2223385.862,10000000,0.054,low_dl
mr1,mre2,2224301.530,2224792.591,150000000,0.053,low_ul
mre2,mr1,2224301.530,2224792.591,10000000,0.053,low_dl
mgs1,mre2,2239770.897,2243479.631,300000000,1190.117,trunk
mre2,mgs1,2239770.897,2243479.631,300000000,1190.117,high_dl
mgs1,mre1,2239770.925,2283186.032,300000000,1190.120,trunk
mre1,mgs1,2239770.925,2283186.032,300000000,1190.120,high_dl
mgs1,mre3,2239770.948,2283185.761,300000000,1190.141,trunk
mre3,mgs1,2239770.948,2283185.761,300000000,1190.141,high_dl
mr1,mre3,2241021.704,2252510.447,150000000,0.076,low_ul
mre3,mr1,2241021.704,2252510.447,10000000,0.076,low_dl
mr2,mre2,2241812.073,2242195.405,150000000,0.053,low_ul
mre2,mr2,2241812.073,2242195.405,10000000,0.053,low_dl
mr1,mre1,2243992.503,2244527.927,150000000,0.054,low_ul
mre1,mr1,2243992.503,2244527.927,10000000,0.054,low_dl
mgs1,mre2,2245975.863,2250187.893,300000000,1190.072,trunk
mre2,mgs1,2245975.863,2250187.893,300000000,1190.072,high_dl
mr2,mre3,2250345.434,2262087.288,150000000,0.076,low_ul
mre3,mr2,2250345.434,2262087.288,10000000,0.076,low_dl
mr1,mre1,2251240.227,2251735.086,150000000,0.054,low_ul
mre1,mr1,2251240.227,2251735.086,10000000,0.054,low_dl
mgs1,mre2,2252684.450,2256896.155,300000000,1190.020,trunk
mre2,mgs1,2252684.450,2256896.155,300000000,1190.020,high_dl
mgs1,mre2,2259393.037,2263604.417,300000000,1189.971,trunk
mre2,mgs1,2259393.037,2263604.417,300000000,1189.971,high_dl
mr2,mre1,2260943.358,2261546.949,150000000,0.054,low_ul
mre1,mr2,2260943.358,2261546.949,10000000,0.054,low_dl
mgs1,mre2,2266101.621,2270312.678,300000000,1189.926,trunk
mre2,mgs1,2266101.621,2270312.678,300000000,1189.926,high_dl
mr2,mre1,2268274.573,2268649.051,150000000,0.054,low_ul
mre1,mr2,2268274.573,2268649.051,10000000,0.054,low_dl
mr1,mre2,2268551.807,2269075.263,150000000,0.053,low_ul
mre2,mr1,2268551.807,2269075.263,10000000,0.053,low_dl
mgs1,mre2,2272810.204,2277020.939,300000000,1189.885,trunk
mre2,mgs1,2272810.204,2277020.939,300000000,1189.885,high_dl
mgs2,mre2,2276978.874,2277020.954,300000000,1189.868,trunk
mre2,mgs2,2276978.874,2277020.954,300000000,1189.868,trunk
mgs2,mre3,2276978.920,2303793.631,300000000,1189.839,trunk
mre3,mgs2,2276978.920,2303793.631,300000000,1189.839,high_dl
mgs2,mre1,2276979.061,2303793.251,300000000,1189.865,trunk
mre1,mgs2,2276979.061,2303793.251,300000000,1189.865,high_dl
mr1,mre3,2277296.775,2288996.563,150000000,0.076,low_ul
mre3,mr1,2277296.775,2288996.563,10000000,0.076,low_dl
mgs1,mre2,2279518.786,2283186.098,300000000,1189.846,trunk
mre2,mgs1,2279518.786,2283186.098,300000000,1189.846,high_dl
mgs2,mre2,2279518.812,2283729.220,300000000,1189.848,trunk
mre2,mgs2,2279518.812,2283729.220,300000000,1189.848,trunk
mgs2,mre2,2286227.397,2290437.485,300000000,1189.799,trunk
mre2,mgs2,2286227.397,2290437.485,300000000,1189.799,trunk
mr1,mre1,2289352.291,2290090.014,150000000,0.054,low_ul
mre1,mr1,2289352.291,2290090.014,10000000,0.054,low_dl
mr2,mre3,2289389.303,2300603.862,150000000,0.076,low_ul
mre3,mr2,2289389.303,2300603.862,10000000,0.076,low_dl
mr2,mre2,2291387.266,2291807.195,150000000,0.053,low_ul
mre2,mr2,2291387.266,2291807.195,10000000,0.053,low_dl
mgs2,mre2,2292935.981,2297145.751,300000000,1189.752,trunk
mre2,mgs2,2292935.981,2297145.751,300000000,1189.752,trunk
mgs2,mre2,2299644.563,2303793.490,300000000,1189.709,trunk
mre2,mgs2,2299644.563,2303793.490,300000000,1189.709,trunk
mr2,mre1,2307892.560,2308470.167,150000000,0.054,low_ul
mre1,mr2,2307892.560,2308470.167,10000000,0.054,low_dl
mr1,mre2,2311593.291,2311946.214,150000000,0.053,low_ul
mre2,mr1,2311593.291,2311946.214,10000000,0.053,low_dl
mr2,mre1,2315197.444,2315629.564,150000000,0.054,low_ul
mre1,mr2,2315197.444,2315629.564,10000000,0.054,low_dl
mr1,mre3,2316489.785,2327730.087,150000000,0.076,low_ul
mre3,mr1,2316489.785,2327730.087,10000000,0.076,low_dl
mr2,mre3,2325953.419,2337908.508,150000000,0.076,low_ul
mre3,mr2,2325953.419,2337908.508,10000000,0.076,low_dl
mgs1,mre1,2326154.830,2369518.235,300000000,1189.528,trunk
mre1,mgs1,2326154.830,2369518.235,300000000,1189.528,high_dl
mgs1,mre3,2326155.366,2369518.200,300000000,1189.515,trunk
mre3,mgs1,2326155.366,2369518.200,300000000,1189.515,high_dl
mgs1,mre2,2326478.871,2330687.054,300000000,1189.528,trunk
mre2,mgs1,2326478.871,2330687.054,300000000,1189.528,high_dl
mgs1,mre2,2333187.456,2337395.327,300000000,1189.474,trunk
mre2,mgs1,2333187.456,2337395.327,300000000,1189.474,high_dl
mr2,mre2,2335684.913,2336076.473,150000000,0.053,low_ul
mre2,mr2,2335684.913,2336076.473,10000000,0.053,low_dl
mr1,mre1,2336260.464,2337000.075,150000000,0.054,low_ul
mre1,mr1,2336260.464,2337000.075,10000000,0.054,low_dl
mgs1,mre2,2339896.040,2344103.600,300000000,1189.421,trunk
mre2,mgs1,2339896.040,2344103.600,300000000,1189.421,high_dl
mgs1,mre2,2346604.622,2350811.873,300000000,1189.372,trunk
mre2,mgs1,2346604.622,2350811.873,300000000,1189.372,high_dl
mr1,mre3,2352901.162,2364861.520,150000000,0.076,low_ul
mre3,mr1,2352901.162,2364861.520,10000000,0.076,low_dl
mr2,mre1,2353267.919,2353997.296,150000000,0.054,low_ul
mre1,mr2,2353267.919,2353997.296,10000000,0.054,low_dl
mgs1,mre2,2353313.203,2357520.145,300000000,1189.327,trunk
mre2,mgs1,2353313.203,2357520.145,300000000,1189.327,high_dl
mr1,mre2,2355831.565,2356256.455,150000000,0.053,low_ul
mre2,mr1,2355831.565,2356256.455,10000000,0.053,low_dl
mgs1,mre2,2360021.782,2364228.416,300000000,1189.286,trunk
mre2,mgs1,2360021.782,2364228.416,300000000,1189.286,high_dl
mr2,mre3,2363228.825,2374442.458,150000000,0.076,low_ul
mre3,mr2,2363228.825,2374442.458,10000000,0.076,low_dl
mgs2,mre3,2363281.712,2390206.232,300000000,1189.266,trunk
mre3,mgs2,2363281.712,2390206.232,300000000,1189.266,high_dl
mgs2,mre2,2363282.026,2364228.432,300000000,1189.265,trunk
mre2,mgs2,2363282.026,2364228.432,300000000,1189.265,trunk
mgs2,mre1,2363282.422,2390206.265,300000000,1189.269,trunk
mre1,mgs2,2363282.422,2390206.265,300000000,1189.269,high_dl
mgs1,mre2,2366730.360,2369518.141,300000000,1189.247,trunk
mre2,mgs1,2366730.360,2369518.141,300000000,1189.247,high_dl
mgs2,mre2,2366730.386,2370936.709,300000000,1189.248,trunk
mre2,mgs2,2366730.386,2370936.709,300000000,1189.248,trunk
mgs2,mre2,2373438.968,2377644.985,300000000,1189.198,trunk
mre2,mgs2,2373438.968,2377644.985,300000000,1189.198,trunk
mr1,mre1,2374572.542,2375165.004,150000000,0.054,low_ul
mre1,mr1,2374572.542,2375165.004,10000000,0.054,low_dl
mr2,mre2,2378572.071,2379082.464,150000000,0.053,low_ul
mre2,mr2,2378572.071,2379082.464,10000000,0.053,low_dl
mgs2,mre2,2380147.548,2384353.261,300000000,1189.151,trunk
mre2,mgs2,2380147.548,2384353.261,300000000,1189.151,trunk
mr1,mre1,2381884.668,2382289.090,150000000,0.054,low_ul
mre1,mr1,2381884.668,2382289.090,10000000,0.054,low_dl
mgs2,mre2,2386856.127,2390206.658,300000000,1189.108,trunk
mre2,mgs2,2386856.127,2390206.658,300000000,1189.108,trunk
mr1,mre3,2390383.060,2401636.262,150000000,0.076,low_ul
mre3,mr1,2390383.060,2401636.262,10000000,0.076,low_dl
mr2,mre1,2400186.491,2400920.346,150000000,0.054,low_ul
mre1,mr2,2400186.491,2400920.346,10000000,0.054,low_dl
mr2,mre3,2401782.698,2413516.654,150000000,0.076,low_ul
mre3,mr2,2401782.698,2413516.654,10000000,0.076,low_dl
mr1,mre2,2405457.095,2405838.793,150000000,0.053,low_ul
mre2,mr1,2405457.095,2405838.793,10000000,0.053,low_dl
mgs1,mre1,2412539.065,2455849.567,300000000,1188.929,trunk
mre1,mgs1,2412539.065,2455849.567,300000000,1188.929,high_dl
mgs1,mre3,2412539.140,2455849.831,300000000,1188.908,trunk
mre3,mgs1,2412539.140,2455849.831,300000000,1188.908,high_dl
mgs1,mre2,2413690.420,2417894.619,300000000,1188.924,trunk
mre2,mgs1,2413690.420,2417894.619,300000000,1188.924,high_dl
mgs1,mre2,2420399.002,2424602.902,300000000,1188.869,trunk
mre2,mgs1,2420399.002,2424602.902,300000000,1188.869,high_dl
mr1,mre1,2421510.346,2422079.343,150000000,0.054,low_ul
mre1,mr1,2421510.346,2422079.343,10000000,0.054,low_dl
mr2,mre2,2422847.301,2423359.894,150000000,0.053,low_ul
mre2,mr2,2422847.301,2423359.894,10000000,0.053,low_dl
mgs1,mre2,2427107.582,2431311.186,300000000,1188.817,trunk
mre2,mgs1,2427107.582,2431311.186,300000000,1188.817,high_dl
mr1,mre3,2428667.961,2440463.251,150000000,0.076,low_ul
mre3,mr1,2428667.961,2440463.251,10000000,0.076,low_dl
mr1,mre1,2428800.753,2429250.535,150000000,0.054,low_ul
mre1,mr1,2428800.753,2429250.535,10000000,0.054,low_dl
mgs1,mre2,2433816.160,2438019.469,300000000,1188.768,trunk
mre2,mgs1,2433816.160,2438019.469,300000000,1188.768,high_dl
mr2,mre3,2438301.275,2449729.339,150000000,0.076,low_ul
mre3,mr2,2438301.275,2449729.339,10000000,0.076,low_dl
mr2,mre1,2438468.511,2439096.532,150000000,0.054,low_ul
mre1,mr2,2438468.511,2439096.532,10000000,0.054,low_dl
mgs1,mre2,2440524.737,2444727.751,300000000,1188.723,trunk
mre2,mgs1,2440524.737,2444727.751,300000000,1188.723,high_dl
mr1,mre2,2443241.049,2443315.324,150000000,0.053,low_ul
mre2,mr1,2443241.049,2443315.324,10000000,0.053,low_dl
mr2,mre1,2445845.969,2446146.011,150000000,0.054,low_ul
mre1,mr2,2445845.969,2446146.011,10000000,0.054,low_dl
mgs1,mre2,2447233.313,2451436.033,300000000,1188.682,trunk
mre2,mgs1,2447233.313,2451436.033,300000000,1188.682,high_dl
mgs2,mre2,2449584.126,2451436.050,300000000,1188.660,trunk
mre2,mgs2,2449584.126,2451436.050,300000000,1188.660,trunk
mgs2,mre3,2449584.401,2476619.869,300000000,1188.696,trunk
mre3,mgs2,2449584.401,2476619.869,300000000,1188.696,high_dl
mgs2,mre1,2449584.421,2476619.969,300000000,1188.669,trunk
mre1,mgs2,2449584.421,2476619.969,300000000,1188.669,high_dl
mr1,mre2,2449751.967,2450094.914,150000000,0.053,low_ul
mre2,mr1,2449751.967,2450094.914,10000000,0.053,low_dl
mgs1,mre2,2453941.887,2455849.379,300000000,1188.643,trunk
mre2,mgs1,2453941.887,2455849.379,300000000,1188.643,high_dl
mgs2,mre2,2453941.914,2458144.337,300000000,1188.642,trunk
mre2,mgs2,2453941.914,2458144.337,300000000,1188.642,trunk
mgs2,mre2,2460650.491,2464852.624,300000000,1188.592,trunk
mre2,mgs2,2460650.491,2464852.624,300000000,1188.592,trunk
mr1,mre3,2465272.385,2476665.820,150000000,0.076,low_ul
mre3,mr1,2465272.385,2476665.820,10000000,0.076,low_dl
mr2,mre2,2465796.785,2466311.367,150000000,0.053,low_ul
mre2,mr2,2465796.785,2466311.367,10000000,0.053,low_dl
mr1,mre1,2466890.125,2467623.659,150000000,0.054,low_ul
mre1,mr1,2466890.125,2467623.659,10000000,0.054,low_dl
mgs2,mre2,2467359.067,2471560.910,300000000,1188.546,trunk
mre2,mgs2,2467359.067,2471560.910,300000000,1188.546,trunk
mgs2,mre2,2474067.642,2476620.194,300000000,1188.503,trunk
mre2,mgs2,2474067.642,2476620.194,300000000,1188.503,trunk
mr2,mre3,2477780.557,2489137.342,150000000,0.076,low_ul
mre3,mr2,2477780.557,2489137.342,10000000,0.076,low_dl
mr2,mre1,2485413.336,2486018.887,150000000,0.054,low_ul
mre1,mr2,2485413.336,2486018.887,10000000,0.054,low_dl
mr1,mre2,2492629.167,2493128.391,150000000,0.053,low_ul
mre2,mr1,2492629.167,2493128.391,10000000,0.053,low_dl
mr2,mre1,2492764.373,2493139.096,150000000,0.054,low_ul
mre1,mr2,2492764.373,2493139.096,10000000,0.054,low_dl
mgs1,mre3,2498923.118,2542179.686,300000000,1188.342,trunk
mre3,mgs1,2498923.118,2542179.686,300000000,1188.342,high_dl
mgs1,mre1,2498923.548,2542179.903,300000000,1188.325,trunk
mre1,mgs1,2498923.548,2542179.903,300000000,1188.325,high_dl
mgs1,mre2,2500901.922,2505102.321,300000000,1188.315,trunk
mre2,mgs1,2500901.922,2505102.321,300000000,1188.315,high_dl
mr1,mre3,2504679.212,2516102.935,150000000,0.076,low_ul
mre3,mr1,2504679.212,2516102.935,10000000,0.076,low_dl
mgs1,mre2,2507610.499,2511810.615,300000000,1188.261,trunk
mre2,mgs1,2507610.499,2511810.615,300000000,1188.261,high_dl
mr2,mre2,2510060.847,2510597.891,150000000,0.053,low_ul
mre2,mr2,2510060.847,2510597.891,10000000,0.053,low_dl
mr1,mre1,2513798.047,2514534.811,150000000,0.054,low_ul
mre1,mr1,2513798.047,2514534.811,10000000,0.054,low_dl
mr2,mre3,2513947.713,2525751.468,150000000,0.076,low_ul
mre3,mr2,2513947.713,2525751.468,10000000,0.076,low_dl
mgs1,mre2,2514319.076,2518518.909,300000000,1188.208,trunk
mre2,mgs1,2514319.076,2518518.909,300000000,1188.208,high_dl
mgs1,mre2,2521027.650,2525227.202,300000000,1188.160,trunk
mre2,mgs1,2521027.650,2525227.202,300000000,1188.160,high_dl
mgs1,mre2,2527736.223,2531935.494,300000000,1188.115,trunk
mre2,mgs1,2527736.223,2531935.494,300000000,1188.115,high_dl
mr2,mre1,2530806.978,2531529.410,150000000,0.054,low_ul
mre1,mr2,2530806.978,2531529.410,10000000,0.054,low_dl
mgs1,mre2,2534444.795,2538643.786,300000000,1188.073,trunk
mre2,mgs1,2534444.795,2538643.786,300000000,1188.073,high_dl
mgs2,mre1,2535885.099,2563034.275,300000000,1188.067,trunk
mre1,mgs2,2535885.099,2563034.275,300000000,1188.067,high_dl
mgs2,mre2,2535885.142,2538643.805,300000000,1188.059,trunk
mre2,mgs2,2535885.142,2538643.805,300000000,1188.059,trunk
mgs2,mre3,2535885.536,2563034.555,300000000,1188.068,trunk
mre3,mgs2,2535885.536,2563034.555,300000000,1188.068,high_dl
mr1,mre2,2536897.298,2537394.328,150000000,0.053,low_ul
mre2,mr1,2536897.298,2537394.328,10000000,0.053,low_dl
mr1,mre3,2540901.676,2552666.610,150000000,0.076,low_ul
mre3,mr1,2540901.676,2552666.610,10000000,0.076,low_dl
mgs1,mre2,2541153.366,2542179.781,300000000,1188.034,trunk
mre2,mgs1,2541153.366,2542179.781,300000000,1188.034,high_dl
mgs2,mre2,2541153.393,2545352.102,300000000,1188.031,trunk
mre2,mgs2,2541153.393,2545352.102,300000000,1188.031,trunk
mgs2,mre2,2547861.967,2552060.398,300000000,1187.982,trunk
mre2,mgs2,2547861.967,2552060.398,300000000,1187.982,trunk
mr1,mre1,2552096.946,2552715.423,150000000,0.054,low_ul
mre1,mr1,2552096.946,2552715.423,10000000,0.054,low_dl
mr2,mre3,2552704.204,2563933.254,150000000,0.076,low_ul
mre3,mr2,2552704.204,2563933.254,10000000,0.076,low_dl
mr2,mre2,2553061.518,2553494.397,150000000,0.053,low_ul
mre2,mr2,2553061.518,2553494.397,10000000,0.053,low_dl
mgs2,mre2,2554570.539,2558768.694,300000000,1187.935,trunk
mre2,mgs2,2554570.539,2558768.694,300000000,1187.935,trunk
mr1,mre1,2559451.827,2559790.422,150000000,0.054,low_ul
mre1,mr1,2559451.827,2559790.422,10000000,0.054,low_dl
mgs2,mre2,2561279.110,2563034.128,300000000,1187.893,trunk
mre2,mgs2,2561279.110,2563034.128,300000000,1187.893,trunk
mr2,mre1,2577725.453,2578454.022,150000000,0.054,low_ul
mre1,mr2,2577725.453,2578454.022,10000000,0.054,low_dl
mr1,mre2,2579845.233,2580367.439,150000000,0.053,low_ul
mre2,mr1,2579845.233,2580367.439,10000000,0.053,low_dl
mr1,mre3,2579866.231,2591111.702,150000000,0.076,low_ul
mre3,mr1,2579866.231,2591111.702,10000000,0.076,low_dl
mgs1,mre2,2585308.015,2585601.855,300000000,1187.722,trunk
mre2,mgs1,2585308.015,2585601.855,300000000,1187.722,high_dl
mgs1,mre3,2585308.026,2592000.000,300000000,1187.738,trunk
mre3,mgs1,2585308.026,2592000.000,300000000,1187.738,high_dl
mgs1,mre1,2585308.091,2592000.000,300000000,1187.719,trunk
mre1,mgs1,2585308.091,2592000.000,300000000,1187.719,high_dl
mgs1,mre2,2588113.375,2592000.000,300000000,1187.702,trunk
mre2,mgs1,2588113.375,2592000.000,300000000,1187.702,high_dl
mr2,mre3,2589562.273,2592000.000,150000000,0.076,low_ul
mre3,mr2,2589562.273,2592000.000,10000000,0.076,low_dl
